weather_id,date,city,temperature_max,rainfall_mm,season,is_extreme
1,2022-07-01,Ballia,28.7,5.63,monsoon,0
2,2022-07-02,Ballia,33.0,2.04,monsoon,0
3,2022-07-03,Ballia,32.8,0.72,monsoon,0
4,2022-07-04,Ballia,35.0,14.78,monsoon,0
5,2022-07-05,Ballia,30.3,0.25,monsoon,0
6,2022-07-06,Ballia,30.4,2.43,monsoon,0
7,2022-07-07,Ballia,24.2,4.35,monsoon,0
8,2022-07-08,Ballia,34.9,4.13,monsoon,0
9,2022-07-09,Ballia,30.7,11.36,monsoon,0
10,2022-07-10,Ballia,29.8,5.48,monsoon,0
11,2022-07-11,Ballia,30.1,7.31,monsoon,0
12,2022-07-12,Ballia,33.8,8.66,monsoon,0
13,2022-07-13,Ballia,32.4,10.77,monsoon,0
14,2022-07-14,Ballia,30.5,2.24,monsoon,0
15,2022-07-15,Ballia,30.2,0.81,monsoon,0
16,2022-07-16,Ballia,34.8,1.23,monsoon,0
17,2022-07-17,Ballia,28.9,13.83,monsoon,0
18,2022-07-18,Ballia,31.5,8.2,monsoon,0
19,2022-07-19,Ballia,31.3,0.42,monsoon,0
20,2022-07-20,Ballia,33.2,13.04,monsoon,0
21,2022-07-21,Ballia,40.3,4.48,monsoon,0
22,2022-07-22,Ballia,35.6,2.45,monsoon,0
23,2022-07-23,Ballia,32.7,41.91,monsoon,0
24,2022-07-24,Ballia,34.6,30.59,monsoon,0
25,2022-07-25,Ballia,29.0,1.11,monsoon,0
26,2022-07-26,Ballia,27.3,3.8,monsoon,0
27,2022-07-27,Ballia,28.0,21.17,monsoon,0
28,2022-07-28,Ballia,29.4,9.39,monsoon,0
29,2022-07-29,Ballia,33.7,1.82,monsoon,0
30,2022-07-30,Ballia,34.7,15.67,monsoon,0
31,2022-07-31,Ballia,31.4,17.7,monsoon,0
32,2022-08-01,Ballia,30.1,1.48,monsoon,0
33,2022-08-02,Ballia,27.5,23.86,monsoon,0
34,2022-08-03,Ballia,35.3,0.79,monsoon,0
35,2022-08-04,Ballia,35.5,4.47,monsoon,0
36,2022-08-05,Ballia,29.3,12.18,monsoon,0
37,2022-08-06,Ballia,28.9,26.19,monsoon,0
38,2022-08-07,Ballia,31.8,14.99,monsoon,0
39,2022-08-08,Ballia,36.5,17.16,monsoon,0
40,2022-08-09,Ballia,33.0,8.17,monsoon,0
41,2022-08-10,Ballia,30.8,8.88,monsoon,0
42,2022-08-11,Ballia,31.8,1.37,monsoon,0
43,2022-08-12,Ballia,27.7,0.38,monsoon,0
44,2022-08-13,Ballia,35.1,8.53,monsoon,0
45,2022-08-14,Ballia,30.4,28.58,monsoon,0
46,2022-08-15,Ballia,27.5,16.9,monsoon,0
47,2022-08-16,Ballia,31.4,3.12,monsoon,0
48,2022-08-17,Ballia,30.7,2.11,monsoon,0
49,2022-08-18,Ballia,33.5,31.86,monsoon,0
50,2022-08-19,Ballia,35.5,24.62,monsoon,0
51,2022-08-20,Ballia,36.1,19.54,monsoon,0
52,2022-08-21,Ballia,32.5,27.17,monsoon,0
53,2022-08-22,Ballia,31.2,4.59,monsoon,0
54,2022-08-23,Ballia,30.9,6.68,monsoon,0
55,2022-08-24,Ballia,24.0,20.45,monsoon,0
56,2022-08-25,Ballia,33.0,3.01,monsoon,0
57,2022-08-26,Ballia,33.4,1.53,monsoon,0
58,2022-08-27,Ballia,31.5,4.68,monsoon,0
59,2022-08-28,Ballia,29.2,8.78,monsoon,0
60,2022-08-29,Ballia,36.2,42.81,monsoon,0
61,2022-08-30,Ballia,31.9,39.38,monsoon,0
62,2022-08-31,Ballia,27.0,4.3,monsoon,0
63,2022-09-01,Ballia,32.3,4.02,monsoon,0
64,2022-09-02,Ballia,30.7,8.38,monsoon,0
65,2022-09-03,Ballia,33.4,0.63,monsoon,0
66,2022-09-04,Ballia,31.2,3.29,monsoon,0
67,2022-09-05,Ballia,33.0,1.88,monsoon,0
68,2022-09-06,Ballia,32.0,3.33,monsoon,0
69,2022-09-07,Ballia,29.7,13.38,monsoon,0
70,2022-09-08,Ballia,34.3,15.63,monsoon,0
71,2022-09-09,Ballia,36.2,5.5,monsoon,0
72,2022-09-10,Ballia,36.2,9.21,monsoon,0
73,2022-09-11,Ballia,30.5,1.14,monsoon,0
74,2022-09-12,Ballia,34.8,2.48,monsoon,0
75,2022-09-13,Ballia,37.1,0.5,monsoon,0
76,2022-09-14,Ballia,34.6,0.2,monsoon,0
77,2022-09-15,Ballia,33.9,8.61,monsoon,0
78,2022-09-16,Ballia,28.3,2.3,monsoon,0
79,2022-09-17,Ballia,33.9,14.09,monsoon,0
80,2022-09-18,Ballia,31.5,1.78,monsoon,0
81,2022-09-19,Ballia,30.9,5.01,monsoon,0
82,2022-09-20,Ballia,33.7,12.95,monsoon,0
83,2022-09-21,Ballia,36.1,20.39,monsoon,0
84,2022-09-22,Ballia,39.6,3.32,monsoon,0
85,2022-09-23,Ballia,27.7,1.17,monsoon,0
86,2022-09-24,Ballia,35.6,5.15,monsoon,0
87,2022-09-25,Ballia,33.9,15.53,monsoon,0
88,2022-09-26,Ballia,35.7,1.05,monsoon,0
89,2022-09-27,Ballia,32.7,2.12,monsoon,0
90,2022-09-28,Ballia,34.5,0.11,monsoon,0
91,2022-09-29,Ballia,32.5,1.28,monsoon,0
92,2022-09-30,Ballia,28.3,14.13,monsoon,0
93,2022-10-01,Ballia,24.4,0.0,post_monsoon,0
94,2022-10-02,Ballia,30.0,0.0,post_monsoon,0
95,2022-10-03,Ballia,25.1,0.0,post_monsoon,0
96,2022-10-04,Ballia,30.4,0.0,post_monsoon,0
97,2022-10-05,Ballia,31.5,0.0,post_monsoon,0
98,2022-10-06,Ballia,25.5,0.0,post_monsoon,0
99,2022-10-07,Ballia,30.9,0.0,post_monsoon,0
100,2022-10-08,Ballia,29.2,0.0,post_monsoon,0
101,2022-10-09,Ballia,30.5,0.0,post_monsoon,0
102,2022-10-10,Ballia,33.7,0.0,post_monsoon,0
103,2022-10-11,Ballia,27.3,0.0,post_monsoon,0
104,2022-10-12,Ballia,25.7,0.0,post_monsoon,0
105,2022-10-13,Ballia,25.3,0.0,post_monsoon,0
106,2022-10-14,Ballia,25.6,0.0,post_monsoon,0
107,2022-10-15,Ballia,27.8,0.0,post_monsoon,0
108,2022-10-16,Ballia,29.0,0.0,post_monsoon,0
109,2022-10-17,Ballia,28.8,0.0,post_monsoon,0
110,2022-10-18,Ballia,30.5,0.0,post_monsoon,0
111,2022-10-19,Ballia,28.0,0.0,post_monsoon,0
112,2022-10-20,Ballia,32.4,0.0,post_monsoon,0
113,2022-10-21,Ballia,27.2,0.0,post_monsoon,0
114,2022-10-22,Ballia,36.2,0.0,post_monsoon,0
115,2022-10-23,Ballia,29.9,0.0,post_monsoon,0
116,2022-10-24,Ballia,25.4,0.0,post_monsoon,0
117,2022-10-25,Ballia,24.8,0.0,post_monsoon,0
118,2022-10-26,Ballia,29.4,0.0,post_monsoon,0
119,2022-10-27,Ballia,27.3,0.0,post_monsoon,0
120,2022-10-28,Ballia,30.1,0.0,post_monsoon,0
121,2022-10-29,Ballia,29.4,0.0,post_monsoon,0
122,2022-10-30,Ballia,27.8,0.0,post_monsoon,0
123,2022-10-31,Ballia,25.5,0.0,post_monsoon,0
124,2022-11-01,Ballia,13.5,0.0,winter,0
125,2022-11-02,Ballia,16.7,0.0,winter,0
126,2022-11-03,Ballia,20.6,0.0,winter,0
127,2022-11-04,Ballia,18.6,0.0,winter,0
128,2022-11-05,Ballia,14.3,0.0,winter,0
129,2022-11-06,Ballia,18.5,0.0,winter,0
130,2022-11-07,Ballia,19.2,0.0,winter,0
131,2022-11-08,Ballia,15.3,0.0,winter,0
132,2022-11-09,Ballia,18.5,0.0,winter,0
133,2022-11-10,Ballia,18.2,0.0,winter,0
134,2022-11-11,Ballia,14.6,0.0,winter,0
135,2022-11-12,Ballia,19.1,0.0,winter,0
136,2022-11-13,Ballia,19.7,0.0,winter,0
137,2022-11-14,Ballia,21.2,0.0,winter,0
138,2022-11-15,Ballia,21.2,0.0,winter,0
139,2022-11-16,Ballia,13.9,0.0,winter,0
140,2022-11-17,Ballia,15.2,0.0,winter,0
141,2022-11-18,Ballia,19.5,0.0,winter,0
142,2022-11-19,Ballia,19.5,0.0,winter,0
143,2022-11-20,Ballia,19.5,0.0,winter,0
144,2022-11-21,Ballia,29.6,0.0,winter,0
145,2022-11-22,Ballia,19.7,0.0,winter,0
146,2022-11-23,Ballia,21.4,0.0,winter,0
147,2022-11-24,Ballia,20.9,0.0,winter,0
148,2022-11-25,Ballia,20.0,0.0,winter,0
149,2022-11-26,Ballia,17.1,0.0,winter,0
150,2022-11-27,Ballia,20.3,0.0,winter,0
151,2022-11-28,Ballia,15.7,0.0,winter,0
152,2022-11-29,Ballia,17.3,0.0,winter,0
153,2022-11-30,Ballia,16.5,0.0,winter,0
154,2022-12-01,Ballia,18.2,0.0,winter,0
155,2022-12-02,Ballia,24.9,0.0,winter,0
156,2022-12-03,Ballia,12.4,0.0,winter,0
157,2022-12-04,Ballia,20.1,0.0,winter,0
158,2022-12-05,Ballia,13.2,0.0,winter,0
159,2022-12-06,Ballia,16.6,0.0,winter,0
160,2022-12-07,Ballia,21.3,0.0,winter,0
161,2022-12-08,Ballia,18.2,0.0,winter,0
162,2022-12-09,Ballia,14.8,0.0,winter,0
163,2022-12-10,Ballia,15.9,0.0,winter,0
164,2022-12-11,Ballia,20.0,0.0,winter,0
165,2022-12-12,Ballia,15.8,0.0,winter,0
166,2022-12-13,Ballia,18.6,0.0,winter,0
167,2022-12-14,Ballia,18.1,0.0,winter,0
168,2022-12-15,Ballia,16.0,0.0,winter,0
169,2022-12-16,Ballia,24.4,0.0,winter,0
170,2022-12-17,Ballia,19.9,0.0,winter,0
171,2022-12-18,Ballia,11.9,0.0,winter,0
172,2022-12-19,Ballia,18.6,0.0,winter,0
173,2022-12-20,Ballia,16.0,0.0,winter,0
174,2022-12-21,Ballia,20.6,0.0,winter,0
175,2022-12-22,Ballia,15.6,0.0,winter,0
176,2022-12-23,Ballia,17.7,0.0,winter,0
177,2022-12-24,Ballia,19.5,0.0,winter,0
178,2022-12-25,Ballia,20.6,0.0,winter,0
179,2022-12-26,Ballia,14.4,0.0,winter,0
180,2022-12-27,Ballia,17.0,0.0,winter,0
181,2022-12-28,Ballia,16.6,0.0,winter,0
182,2022-12-29,Ballia,16.0,0.0,winter,0
183,2022-12-30,Ballia,23.3,0.0,winter,0
184,2022-12-31,Ballia,19.2,0.0,winter,0
185,2023-01-01,Ballia,14.2,0.0,winter,0
186,2023-01-02,Ballia,20.8,0.0,winter,0
187,2023-01-03,Ballia,24.4,0.0,winter,0
188,2023-01-04,Ballia,21.1,0.0,winter,0
189,2023-01-05,Ballia,13.4,0.0,winter,0
190,2023-01-06,Ballia,16.5,0.0,winter,0
191,2023-01-07,Ballia,21.8,0.0,winter,0
192,2023-01-08,Ballia,15.9,0.0,winter,0
193,2023-01-09,Ballia,19.3,0.0,winter,0
194,2023-01-10,Ballia,20.3,0.0,winter,0
195,2023-01-11,Ballia,15.2,0.0,winter,0
196,2023-01-12,Ballia,17.8,0.0,winter,0
197,2023-01-13,Ballia,8.3,0.0,winter,0
198,2023-01-14,Ballia,14.9,0.0,winter,0
199,2023-01-15,Ballia,17.2,0.0,winter,0
200,2023-01-16,Ballia,14.3,0.0,winter,0
201,2023-01-17,Ballia,22.9,0.0,winter,0
202,2023-01-18,Ballia,13.7,0.0,winter,0
203,2023-01-19,Ballia,16.7,0.0,winter,0
204,2023-01-20,Ballia,18.4,0.0,winter,0
205,2023-01-21,Ballia,22.3,0.0,winter,0
206,2023-01-22,Ballia,13.7,0.0,winter,0
207,2023-01-23,Ballia,21.5,0.0,winter,0
208,2023-01-24,Ballia,18.0,0.0,winter,0
209,2023-01-25,Ballia,15.1,0.0,winter,0
210,2023-01-26,Ballia,19.4,0.0,winter,0
211,2023-01-27,Ballia,18.6,0.0,winter,0
212,2023-01-28,Ballia,16.2,0.0,winter,0
213,2023-01-29,Ballia,18.2,0.0,winter,0
214,2023-01-30,Ballia,16.8,0.0,winter,0
215,2023-01-31,Ballia,18.3,0.0,winter,0
216,2023-02-01,Ballia,20.0,0.0,winter,0
217,2023-02-02,Ballia,22.8,0.0,winter,0
218,2023-02-03,Ballia,14.3,0.0,winter,0
219,2023-02-04,Ballia,24.4,0.0,winter,0
220,2023-02-05,Ballia,12.1,0.0,winter,0
221,2023-02-06,Ballia,17.5,0.0,winter,0
222,2023-02-07,Ballia,19.8,0.0,winter,0
223,2023-02-08,Ballia,18.8,0.0,winter,0
224,2023-02-09,Ballia,16.1,0.0,winter,0
225,2023-02-10,Ballia,17.4,0.0,winter,0
226,2023-02-11,Ballia,16.5,0.0,winter,0
227,2023-02-12,Ballia,16.2,0.0,winter,0
228,2023-02-13,Ballia,20.5,0.0,winter,0
229,2023-02-14,Ballia,19.1,0.0,winter,0
230,2023-02-15,Ballia,15.9,0.0,winter,0
231,2023-02-16,Ballia,20.7,0.0,winter,0
232,2023-02-17,Ballia,18.9,0.0,winter,0
233,2023-02-18,Ballia,20.4,0.0,winter,0
234,2023-02-19,Ballia,19.9,0.0,winter,0
235,2023-02-20,Ballia,15.5,0.0,winter,0
236,2023-02-21,Ballia,16.3,0.0,winter,0
237,2023-02-22,Ballia,20.2,0.0,winter,0
238,2023-02-23,Ballia,19.8,0.0,winter,0
239,2023-02-24,Ballia,17.9,0.0,winter,0
240,2023-02-25,Ballia,18.4,0.0,winter,0
241,2023-02-26,Ballia,21.8,0.0,winter,0
242,2023-02-27,Ballia,16.2,0.0,winter,0
243,2023-02-28,Ballia,19.6,0.0,winter,0
244,2023-03-01,Ballia,37.4,0.0,pre_monsoon,0
245,2023-03-02,Ballia,42.7,9.77,pre_monsoon,0
246,2023-03-03,Ballia,36.7,0.0,pre_monsoon,0
247,2023-03-04,Ballia,36.8,0.0,pre_monsoon,0
248,2023-03-05,Ballia,38.8,0.0,pre_monsoon,0
249,2023-03-06,Ballia,38.0,0.0,pre_monsoon,0
250,2023-03-07,Ballia,40.8,0.0,pre_monsoon,0
251,2023-03-08,Ballia,36.4,0.0,pre_monsoon,0
252,2023-03-09,Ballia,40.8,0.0,pre_monsoon,0
253,2023-03-10,Ballia,39.0,11.29,pre_monsoon,0
254,2023-03-11,Ballia,37.6,0.0,pre_monsoon,0
255,2023-03-12,Ballia,38.3,0.0,pre_monsoon,0
256,2023-03-13,Ballia,39.8,5.0,pre_monsoon,0
257,2023-03-14,Ballia,32.6,0.0,pre_monsoon,0
258,2023-03-15,Ballia,36.7,0.0,pre_monsoon,0
259,2023-03-16,Ballia,41.6,0.0,pre_monsoon,0
260,2023-03-17,Ballia,34.4,0.0,pre_monsoon,0
261,2023-03-18,Ballia,40.3,0.0,pre_monsoon,0
262,2023-03-19,Ballia,40.0,0.0,pre_monsoon,0
263,2023-03-20,Ballia,38.0,7.79,pre_monsoon,0
264,2023-03-21,Ballia,35.3,0.0,pre_monsoon,0
265,2023-03-22,Ballia,38.2,0.0,pre_monsoon,0
266,2023-03-23,Ballia,36.0,0.0,pre_monsoon,0
267,2023-03-24,Ballia,40.9,0.0,pre_monsoon,0
268,2023-03-25,Ballia,37.6,0.0,pre_monsoon,0
269,2023-03-26,Ballia,35.5,0.0,pre_monsoon,0
270,2023-03-27,Ballia,37.0,0.0,pre_monsoon,0
271,2023-03-28,Ballia,39.2,0.0,pre_monsoon,0
272,2023-03-29,Ballia,36.3,0.0,pre_monsoon,0
273,2023-03-30,Ballia,35.5,0.0,pre_monsoon,0
274,2023-03-31,Ballia,38.7,0.0,pre_monsoon,0
275,2023-04-01,Ballia,38.7,0.0,pre_monsoon,0
276,2023-04-02,Ballia,36.5,0.0,pre_monsoon,0
277,2023-04-03,Ballia,36.6,0.0,pre_monsoon,0
278,2023-04-04,Ballia,38.7,0.0,pre_monsoon,0
279,2023-04-05,Ballia,33.7,0.0,pre_monsoon,0
280,2023-04-06,Ballia,33.8,0.0,pre_monsoon,0
281,2023-04-07,Ballia,35.8,0.0,pre_monsoon,0
282,2023-04-08,Ballia,37.4,0.0,pre_monsoon,0
283,2023-04-09,Ballia,38.9,0.0,pre_monsoon,0
284,2023-04-10,Ballia,42.4,0.0,pre_monsoon,0
285,2023-04-11,Ballia,37.1,2.76,pre_monsoon,0
286,2023-04-12,Ballia,38.0,0.0,pre_monsoon,0
287,2023-04-13,Ballia,36.0,0.0,pre_monsoon,0
288,2023-04-14,Ballia,37.9,0.0,pre_monsoon,0
289,2023-04-15,Ballia,41.8,0.0,pre_monsoon,0
290,2023-04-16,Ballia,40.3,0.0,pre_monsoon,0
291,2023-04-17,Ballia,39.5,0.0,pre_monsoon,0
292,2023-04-18,Ballia,38.3,0.0,pre_monsoon,0
293,2023-04-19,Ballia,33.7,0.0,pre_monsoon,0
294,2023-04-20,Ballia,35.5,0.0,pre_monsoon,0
295,2023-04-21,Ballia,37.0,0.0,pre_monsoon,0
296,2023-04-22,Ballia,39.4,0.0,pre_monsoon,0
297,2023-04-23,Ballia,38.2,0.0,pre_monsoon,0
298,2023-04-24,Ballia,41.0,0.0,pre_monsoon,0
299,2023-04-25,Ballia,39.4,0.0,pre_monsoon,0
300,2023-04-26,Ballia,38.2,0.0,pre_monsoon,0
301,2023-04-27,Ballia,44.8,0.0,pre_monsoon,0
302,2023-04-28,Ballia,39.2,0.0,pre_monsoon,0
303,2023-04-29,Ballia,36.7,0.0,pre_monsoon,0
304,2023-04-30,Ballia,43.6,0.0,pre_monsoon,0
305,2023-05-01,Ballia,41.6,0.0,pre_monsoon,0
306,2023-05-02,Ballia,43.4,0.0,pre_monsoon,0
307,2023-05-03,Ballia,37.7,0.0,pre_monsoon,0
308,2023-05-04,Ballia,40.9,0.0,pre_monsoon,0
309,2023-05-05,Ballia,33.6,0.0,pre_monsoon,0
310,2023-05-06,Ballia,40.4,0.0,pre_monsoon,0
311,2023-05-07,Ballia,31.6,1.04,pre_monsoon,0
312,2023-05-08,Ballia,36.4,0.0,pre_monsoon,0
313,2023-05-09,Ballia,35.7,0.0,pre_monsoon,0
314,2023-05-10,Ballia,38.5,0.0,pre_monsoon,0
315,2023-05-11,Ballia,39.0,0.0,pre_monsoon,0
316,2023-05-12,Ballia,43.6,0.0,pre_monsoon,0
317,2023-05-13,Ballia,40.9,0.0,pre_monsoon,0
318,2023-05-14,Ballia,36.3,0.0,pre_monsoon,0
319,2023-05-15,Ballia,35.3,0.0,pre_monsoon,0
320,2023-05-16,Ballia,39.5,0.0,pre_monsoon,0
321,2023-05-17,Ballia,34.0,0.0,pre_monsoon,0
322,2023-05-18,Ballia,43.5,0.0,pre_monsoon,0
323,2023-05-19,Ballia,41.5,0.0,pre_monsoon,0
324,2023-05-20,Ballia,36.6,0.0,pre_monsoon,0
325,2023-05-21,Ballia,32.9,0.0,pre_monsoon,0
326,2023-05-22,Ballia,42.1,0.0,pre_monsoon,0
327,2023-05-23,Ballia,37.7,0.0,pre_monsoon,0
328,2023-05-24,Ballia,41.7,0.0,pre_monsoon,0
329,2023-05-25,Ballia,33.2,0.0,pre_monsoon,0
330,2023-05-26,Ballia,36.2,0.0,pre_monsoon,0
331,2023-05-27,Ballia,38.0,0.0,pre_monsoon,0
332,2023-05-28,Ballia,38.1,0.0,pre_monsoon,0
333,2023-05-29,Ballia,37.1,7.33,pre_monsoon,0
334,2023-05-30,Ballia,33.2,0.0,pre_monsoon,0
335,2023-05-31,Ballia,33.9,0.0,pre_monsoon,0
336,2023-06-01,Ballia,33.6,13.37,monsoon,0
337,2023-06-02,Ballia,29.5,11.55,monsoon,0
338,2023-06-03,Ballia,31.1,13.36,monsoon,0
339,2023-06-04,Ballia,32.3,8.82,monsoon,0
340,2023-06-05,Ballia,36.7,22.94,monsoon,0
341,2023-06-06,Ballia,35.1,9.63,monsoon,0
342,2023-06-07,Ballia,32.5,6.2,monsoon,0
343,2023-06-08,Ballia,36.5,1.73,monsoon,0
344,2023-06-09,Ballia,34.6,2.87,monsoon,0
345,2023-06-10,Ballia,26.8,1.76,monsoon,0
346,2023-06-11,Ballia,36.3,6.9,monsoon,0
347,2023-06-12,Ballia,32.6,28.14,monsoon,0
348,2023-06-13,Ballia,25.5,18.37,monsoon,0
349,2023-06-14,Ballia,34.9,6.06,monsoon,0
350,2023-06-15,Ballia,33.0,35.83,monsoon,0
351,2023-06-16,Ballia,32.0,1.91,monsoon,0
352,2023-06-17,Ballia,34.4,3.58,monsoon,0
353,2023-06-18,Ballia,32.0,7.38,monsoon,0
354,2023-06-19,Ballia,33.2,4.78,monsoon,0
355,2023-06-20,Ballia,31.6,12.04,monsoon,0
356,2023-06-21,Ballia,31.8,1.66,monsoon,0
357,2023-06-22,Ballia,28.7,1.64,monsoon,0
358,2023-06-23,Ballia,33.5,5.09,monsoon,0
359,2023-06-24,Ballia,38.2,27.25,monsoon,0
360,2023-06-25,Ballia,31.0,2.27,monsoon,0
361,2023-06-26,Ballia,29.6,2.56,monsoon,0
362,2023-06-27,Ballia,30.3,1.11,monsoon,0
363,2023-06-28,Ballia,27.7,1.54,monsoon,0
364,2023-06-29,Ballia,31.4,5.44,monsoon,0
365,2023-06-30,Ballia,31.7,8.4,monsoon,0
366,2023-07-01,Ballia,32.1,19.28,monsoon,0
367,2023-07-02,Ballia,34.6,11.86,monsoon,0
368,2023-07-03,Ballia,30.1,16.55,monsoon,0
369,2023-07-04,Ballia,30.4,2.45,monsoon,0
370,2023-07-05,Ballia,28.3,7.95,monsoon,0
371,2023-07-06,Ballia,30.1,11.56,monsoon,0
372,2023-07-07,Ballia,25.4,16.51,monsoon,0
373,2023-07-08,Ballia,34.6,0.45,monsoon,0
374,2023-07-09,Ballia,29.0,27.07,monsoon,0
375,2023-07-10,Ballia,29.1,8.6,monsoon,0
376,2023-07-11,Ballia,32.2,7.12,monsoon,0
377,2023-07-12,Ballia,29.6,9.13,monsoon,0
378,2023-07-13,Ballia,29.3,5.68,monsoon,0
379,2023-07-14,Ballia,28.8,0.24,monsoon,0
380,2023-07-15,Ballia,30.0,4.76,monsoon,0
381,2023-07-16,Ballia,32.7,1.53,monsoon,0
382,2023-07-17,Ballia,34.7,13.64,monsoon,0
383,2023-07-18,Ballia,29.4,18.68,monsoon,0
384,2023-07-19,Ballia,32.0,9.24,monsoon,0
385,2023-07-20,Ballia,30.7,10.61,monsoon,0
386,2023-07-21,Ballia,36.7,1.64,monsoon,0
387,2023-07-22,Ballia,36.2,4.01,monsoon,0
388,2023-07-23,Ballia,28.1,10.15,monsoon,0
389,2023-07-24,Ballia,32.1,5.28,monsoon,0
390,2023-07-25,Ballia,32.4,3.25,monsoon,0
391,2023-07-26,Ballia,30.6,1.29,monsoon,0
392,2023-07-27,Ballia,30.1,2.1,monsoon,0
393,2023-07-28,Ballia,29.5,2.48,monsoon,0
394,2023-07-29,Ballia,30.4,27.25,monsoon,0
395,2023-07-30,Ballia,24.5,1.0,monsoon,0
396,2023-07-31,Ballia,34.1,48.46,monsoon,0
397,2023-08-01,Ballia,33.2,1.43,monsoon,0
398,2023-08-02,Ballia,31.7,24.07,monsoon,0
399,2023-08-03,Ballia,29.8,20.38,monsoon,0
400,2023-08-04,Ballia,30.4,13.25,monsoon,0
401,2023-08-05,Ballia,38.1,31.8,monsoon,0
402,2023-08-06,Ballia,36.9,3.94,monsoon,0
403,2023-08-07,Ballia,30.3,17.61,monsoon,0
404,2023-08-08,Ballia,29.0,6.65,monsoon,0
405,2023-08-09,Ballia,30.6,8.5,monsoon,0
406,2023-08-10,Ballia,31.1,11.32,monsoon,0
407,2023-08-11,Ballia,28.6,4.09,monsoon,0
408,2023-08-12,Ballia,32.8,7.87,monsoon,0
409,2023-08-13,Ballia,31.6,9.13,monsoon,0
410,2023-08-14,Ballia,30.8,1.73,monsoon,0
411,2023-08-15,Ballia,30.2,0.79,monsoon,0
412,2023-08-16,Ballia,34.3,13.73,monsoon,0
413,2023-08-17,Ballia,29.8,17.14,monsoon,0
414,2023-08-18,Ballia,39.3,6.37,monsoon,0
415,2023-08-19,Ballia,32.5,5.15,monsoon,0
416,2023-08-20,Ballia,32.3,2.4,monsoon,0
417,2023-08-21,Ballia,33.5,0.83,monsoon,0
418,2023-08-22,Ballia,36.7,22.13,monsoon,0
419,2023-08-23,Ballia,30.2,1.81,monsoon,0
420,2023-08-24,Ballia,33.8,2.14,monsoon,0
421,2023-08-25,Ballia,33.6,2.15,monsoon,0
422,2023-08-26,Ballia,35.1,8.88,monsoon,0
423,2023-08-27,Ballia,31.2,5.33,monsoon,0
424,2023-08-28,Ballia,34.8,20.35,monsoon,0
425,2023-08-29,Ballia,30.0,6.94,monsoon,0
426,2023-08-30,Ballia,25.3,4.3,monsoon,0
427,2023-08-31,Ballia,27.3,16.52,monsoon,0
428,2023-09-01,Ballia,32.0,27.58,monsoon,0
429,2023-09-02,Ballia,34.7,5.81,monsoon,0
430,2023-09-03,Ballia,32.3,11.75,monsoon,0
431,2023-09-04,Ballia,32.5,1.49,monsoon,0
432,2023-09-05,Ballia,33.7,4.89,monsoon,0
433,2023-09-06,Ballia,33.5,1.8,monsoon,0
434,2023-09-07,Ballia,35.7,9.15,monsoon,0
435,2023-09-08,Ballia,30.5,26.92,monsoon,0
436,2023-09-09,Ballia,33.2,4.48,monsoon,0
437,2023-09-10,Ballia,36.5,3.43,monsoon,0
438,2023-09-11,Ballia,33.2,25.12,monsoon,0
439,2023-09-12,Ballia,35.9,5.02,monsoon,0
440,2023-09-13,Ballia,30.7,1.95,monsoon,0
441,2023-09-14,Ballia,34.9,3.12,monsoon,0
442,2023-09-15,Ballia,34.9,12.3,monsoon,0
443,2023-09-16,Ballia,27.1,14.21,monsoon,0
444,2023-09-17,Ballia,32.8,5.09,monsoon,0
445,2023-09-18,Ballia,32.5,2.4,monsoon,0
446,2023-09-19,Ballia,34.5,6.15,monsoon,0
447,2023-09-20,Ballia,32.5,7.44,monsoon,0
448,2023-09-21,Ballia,39.9,11.34,monsoon,0
449,2023-09-22,Ballia,37.3,0.22,monsoon,0
450,2023-09-23,Ballia,33.8,30.69,monsoon,0
451,2023-09-24,Ballia,32.8,14.74,monsoon,0
452,2023-09-25,Ballia,28.6,11.2,monsoon,0
453,2023-09-26,Ballia,32.6,6.62,monsoon,0
454,2023-09-27,Ballia,32.3,31.17,monsoon,0
455,2023-09-28,Ballia,39.6,7.19,monsoon,0
456,2023-09-29,Ballia,33.6,6.11,monsoon,0
457,2023-09-30,Ballia,35.2,0.68,monsoon,0
458,2023-10-01,Ballia,26.3,0.0,post_monsoon,0
459,2023-10-02,Ballia,30.6,0.0,post_monsoon,0
460,2023-10-03,Ballia,21.0,0.0,post_monsoon,0
461,2023-10-04,Ballia,27.3,0.0,post_monsoon,0
462,2023-10-05,Ballia,29.9,0.0,post_monsoon,0
463,2023-10-06,Ballia,31.8,0.0,post_monsoon,0
464,2023-10-07,Ballia,25.5,0.0,post_monsoon,0
465,2023-10-08,Ballia,23.5,0.0,post_monsoon,0
466,2023-10-09,Ballia,27.2,0.0,post_monsoon,0
467,2023-10-10,Ballia,24.6,0.0,post_monsoon,0
468,2023-10-11,Ballia,27.6,0.0,post_monsoon,0
469,2023-10-12,Ballia,28.0,0.0,post_monsoon,0
470,2023-10-13,Ballia,24.0,0.0,post_monsoon,0
471,2023-10-14,Ballia,30.4,0.0,post_monsoon,0
472,2023-10-15,Ballia,27.5,0.0,post_monsoon,0
473,2023-10-16,Ballia,31.2,0.0,post_monsoon,0
474,2023-10-17,Ballia,22.5,0.0,post_monsoon,0
475,2023-10-18,Ballia,24.9,0.0,post_monsoon,0
476,2023-10-19,Ballia,29.6,0.0,post_monsoon,0
477,2023-10-20,Ballia,25.6,0.0,post_monsoon,0
478,2023-10-21,Ballia,27.5,0.0,post_monsoon,0
479,2023-10-22,Ballia,28.0,0.0,post_monsoon,0
480,2023-10-23,Ballia,28.5,0.0,post_monsoon,0
481,2023-10-24,Ballia,26.0,0.0,post_monsoon,0
482,2023-10-25,Ballia,28.4,0.0,post_monsoon,0
483,2023-10-26,Ballia,25.7,0.0,post_monsoon,0
484,2023-10-27,Ballia,30.0,0.0,post_monsoon,0
485,2023-10-28,Ballia,27.7,0.0,post_monsoon,0
486,2023-10-29,Ballia,28.5,0.0,post_monsoon,0
487,2023-10-30,Ballia,35.7,0.0,post_monsoon,0
488,2023-10-31,Ballia,24.7,0.0,post_monsoon,0
489,2023-11-01,Ballia,22.2,0.0,winter,0
490,2023-11-02,Ballia,10.0,0.0,winter,0
491,2023-11-03,Ballia,11.8,0.0,winter,0
492,2023-11-04,Ballia,14.3,0.0,winter,0
493,2023-11-05,Ballia,14.5,0.0,winter,0
494,2023-11-06,Ballia,18.6,0.0,winter,0
495,2023-11-07,Ballia,18.9,0.0,winter,0
496,2023-11-08,Ballia,17.2,0.0,winter,0
497,2023-11-09,Ballia,17.6,0.0,winter,0
498,2023-11-10,Ballia,19.6,0.0,winter,0
499,2023-11-11,Ballia,20.5,0.0,winter,0
500,2023-11-12,Ballia,14.0,0.0,winter,0
501,2023-11-13,Ballia,16.9,0.0,winter,0
502,2023-11-14,Ballia,17.8,0.0,winter,0
503,2023-11-15,Ballia,19.5,0.0,winter,0
504,2023-11-16,Ballia,15.7,0.0,winter,0
505,2023-11-17,Ballia,17.7,0.0,winter,0
506,2023-11-18,Ballia,18.1,0.0,winter,0
507,2023-11-19,Ballia,15.9,0.0,winter,0
508,2023-11-20,Ballia,15.8,0.0,winter,0
509,2023-11-21,Ballia,18.3,0.0,winter,0
510,2023-11-22,Ballia,17.6,0.0,winter,0
511,2023-11-23,Ballia,19.5,0.0,winter,0
512,2023-11-24,Ballia,14.8,0.0,winter,0
513,2023-11-25,Ballia,16.9,0.0,winter,0
514,2023-11-26,Ballia,17.3,0.0,winter,0
515,2023-11-27,Ballia,20.4,0.0,winter,0
516,2023-11-28,Ballia,15.2,0.0,winter,0
517,2023-11-29,Ballia,18.7,0.0,winter,0
518,2023-11-30,Ballia,18.8,0.0,winter,0
519,2023-12-01,Ballia,22.9,0.0,winter,0
520,2023-12-02,Ballia,15.0,0.0,winter,0
521,2023-12-03,Ballia,16.0,0.0,winter,0
522,2023-12-04,Ballia,15.2,0.0,winter,0
523,2023-12-05,Ballia,13.0,0.0,winter,0
524,2023-12-06,Ballia,23.3,0.0,winter,0
525,2023-12-07,Ballia,14.3,0.0,winter,0
526,2023-12-08,Ballia,15.6,0.0,winter,0
527,2023-12-09,Ballia,21.9,0.0,winter,0
528,2023-12-10,Ballia,12.7,0.0,winter,0
529,2023-12-11,Ballia,20.3,0.0,winter,0
530,2023-12-12,Ballia,13.8,0.0,winter,0
531,2023-12-13,Ballia,21.7,0.0,winter,0
532,2023-12-14,Ballia,11.5,0.0,winter,0
533,2023-12-15,Ballia,12.7,0.0,winter,0
534,2023-12-16,Ballia,16.4,0.0,winter,0
535,2023-12-17,Ballia,20.9,0.0,winter,0
536,2023-12-18,Ballia,17.9,0.0,winter,0
537,2023-12-19,Ballia,17.0,0.0,winter,0
538,2023-12-20,Ballia,22.0,0.0,winter,0
539,2023-12-21,Ballia,24.5,0.0,winter,0
540,2023-12-22,Ballia,20.0,0.0,winter,0
541,2023-12-23,Ballia,16.1,0.0,winter,0
542,2023-12-24,Ballia,16.7,0.0,winter,0
543,2023-12-25,Ballia,14.1,0.0,winter,0
544,2023-12-26,Ballia,18.3,0.0,winter,0
545,2023-12-27,Ballia,13.1,0.0,winter,0
546,2023-12-28,Ballia,19.7,0.0,winter,0
547,2023-12-29,Ballia,24.0,0.0,winter,0
548,2023-12-30,Ballia,20.2,0.0,winter,0
549,2023-12-31,Ballia,16.6,0.0,winter,0
550,2024-01-01,Ballia,19.6,0.0,winter,0
551,2024-01-02,Ballia,22.9,0.0,winter,0
552,2024-01-03,Ballia,22.7,0.0,winter,0
553,2024-01-04,Ballia,15.0,0.0,winter,0
554,2024-01-05,Ballia,19.5,0.0,winter,0
555,2024-01-06,Ballia,17.5,0.0,winter,0
556,2024-01-07,Ballia,20.4,0.0,winter,0
557,2024-01-08,Ballia,19.2,0.0,winter,0
558,2024-01-09,Ballia,10.9,0.0,winter,0
559,2024-01-10,Ballia,17.0,0.0,winter,0
560,2024-01-11,Ballia,18.6,0.0,winter,0
561,2024-01-12,Ballia,13.7,0.0,winter,0
562,2024-01-13,Ballia,19.7,0.0,winter,0
563,2024-01-14,Ballia,13.4,0.0,winter,0
564,2024-01-15,Ballia,15.6,0.0,winter,0
565,2024-01-16,Ballia,22.0,0.0,winter,0
566,2024-01-17,Ballia,15.3,0.0,winter,0
567,2024-01-18,Ballia,19.7,0.0,winter,0
568,2024-01-19,Ballia,12.7,0.0,winter,0
569,2024-01-20,Ballia,24.2,0.0,winter,0
570,2024-01-21,Ballia,17.1,0.0,winter,0
571,2024-01-22,Ballia,18.3,0.0,winter,0
572,2024-01-23,Ballia,18.5,0.0,winter,0
573,2024-01-24,Ballia,19.8,0.0,winter,0
574,2024-01-25,Ballia,13.4,0.0,winter,0
575,2024-01-26,Ballia,18.0,0.0,winter,0
576,2024-01-27,Ballia,16.0,0.0,winter,0
577,2024-01-28,Ballia,12.9,0.0,winter,0
578,2024-01-29,Ballia,21.0,0.0,winter,0
579,2024-01-30,Ballia,16.9,0.0,winter,0
580,2024-01-31,Ballia,18.7,0.0,winter,0
581,2024-02-01,Ballia,18.5,0.0,winter,0
582,2024-02-02,Ballia,17.0,0.0,winter,0
583,2024-02-03,Ballia,23.9,0.0,winter,0
584,2024-02-04,Ballia,17.9,0.0,winter,0
585,2024-02-05,Ballia,13.3,0.0,winter,0
586,2024-02-06,Ballia,16.8,0.0,winter,0
587,2024-02-07,Ballia,19.5,0.0,winter,0
588,2024-02-08,Ballia,19.6,0.0,winter,0
589,2024-02-09,Ballia,14.7,0.0,winter,0
590,2024-02-10,Ballia,20.8,0.0,winter,0
591,2024-02-11,Ballia,12.7,0.0,winter,0
592,2024-02-12,Ballia,21.4,0.0,winter,0
593,2024-02-13,Ballia,14.0,0.0,winter,0
594,2024-02-14,Ballia,17.3,0.0,winter,0
595,2024-02-15,Ballia,21.2,0.0,winter,0
596,2024-02-16,Ballia,18.4,0.0,winter,0
597,2024-02-17,Ballia,20.5,0.0,winter,0
598,2024-02-18,Ballia,19.9,0.0,winter,0
599,2024-02-19,Ballia,21.9,0.0,winter,0
600,2024-02-20,Ballia,21.2,0.0,winter,0
601,2024-02-21,Ballia,16.6,0.0,winter,0
602,2024-02-22,Ballia,19.9,0.0,winter,0
603,2024-02-23,Ballia,13.4,0.0,winter,0
604,2024-02-24,Ballia,17.8,0.0,winter,0
605,2024-02-25,Ballia,20.5,0.0,winter,0
606,2024-02-26,Ballia,18.4,0.0,winter,0
607,2024-02-27,Ballia,19.3,0.0,winter,0
608,2024-02-28,Ballia,17.4,0.0,winter,0
609,2024-02-29,Ballia,21.4,0.0,winter,0
610,2024-03-01,Ballia,37.8,0.0,pre_monsoon,0
611,2024-03-02,Ballia,36.6,0.0,pre_monsoon,0
612,2024-03-03,Ballia,40.7,0.0,pre_monsoon,0
613,2024-03-04,Ballia,33.8,0.0,pre_monsoon,0
614,2024-03-05,Ballia,39.5,0.0,pre_monsoon,0
615,2024-03-06,Ballia,34.9,0.0,pre_monsoon,0
616,2024-03-07,Ballia,41.8,0.0,pre_monsoon,0
617,2024-03-08,Ballia,37.2,0.0,pre_monsoon,0
618,2024-03-09,Ballia,38.4,1.89,pre_monsoon,0
619,2024-03-10,Ballia,42.3,0.0,pre_monsoon,0
620,2024-03-11,Ballia,38.6,0.0,pre_monsoon,0
621,2024-03-12,Ballia,41.1,0.0,pre_monsoon,0
622,2024-03-13,Ballia,33.5,0.0,pre_monsoon,0
623,2024-03-14,Ballia,38.8,0.0,pre_monsoon,0
624,2024-03-15,Ballia,40.7,0.0,pre_monsoon,0
625,2024-03-16,Ballia,38.2,0.0,pre_monsoon,0
626,2024-03-17,Ballia,41.2,0.0,pre_monsoon,0
627,2024-03-18,Ballia,36.4,0.0,pre_monsoon,0
628,2024-03-19,Ballia,42.2,0.0,pre_monsoon,0
629,2024-03-20,Ballia,44.9,0.0,pre_monsoon,0
630,2024-03-21,Ballia,36.9,0.0,pre_monsoon,0
631,2024-03-22,Ballia,36.7,0.0,pre_monsoon,0
632,2024-03-23,Ballia,42.4,0.0,pre_monsoon,0
633,2024-03-24,Ballia,42.7,0.0,pre_monsoon,0
634,2024-03-25,Ballia,36.4,0.0,pre_monsoon,0
635,2024-03-26,Ballia,36.7,0.0,pre_monsoon,0
636,2024-03-27,Ballia,37.2,0.0,pre_monsoon,0
637,2024-03-28,Ballia,34.0,0.0,pre_monsoon,0
638,2024-03-29,Ballia,35.2,0.0,pre_monsoon,0
639,2024-03-30,Ballia,35.0,0.0,pre_monsoon,0
640,2024-03-31,Ballia,35.7,0.0,pre_monsoon,0
641,2024-04-01,Ballia,37.9,0.0,pre_monsoon,0
642,2024-04-02,Ballia,38.7,2.43,pre_monsoon,0
643,2024-04-03,Ballia,34.8,0.0,pre_monsoon,0
644,2024-04-04,Ballia,40.0,14.97,pre_monsoon,0
645,2024-04-05,Ballia,41.0,0.0,pre_monsoon,0
646,2024-04-06,Ballia,37.4,0.0,pre_monsoon,0
647,2024-04-07,Ballia,37.9,0.0,pre_monsoon,0
648,2024-04-08,Ballia,40.0,0.0,pre_monsoon,0
649,2024-04-09,Ballia,34.6,0.0,pre_monsoon,0
650,2024-04-10,Ballia,39.1,0.0,pre_monsoon,0
651,2024-04-11,Ballia,38.5,0.0,pre_monsoon,0
652,2024-04-12,Ballia,39.5,0.0,pre_monsoon,0
653,2024-04-13,Ballia,38.9,0.0,pre_monsoon,0
654,2024-04-14,Ballia,45.4,0.0,pre_monsoon,0
655,2024-04-15,Ballia,36.1,0.0,pre_monsoon,0
656,2024-04-16,Ballia,36.4,0.0,pre_monsoon,0
657,2024-04-17,Ballia,36.1,0.0,pre_monsoon,0
658,2024-04-18,Ballia,36.3,0.0,pre_monsoon,0
659,2024-04-19,Ballia,36.1,0.0,pre_monsoon,0
660,2024-04-20,Ballia,41.6,0.0,pre_monsoon,0
661,2024-04-21,Ballia,42.3,0.0,pre_monsoon,0
662,2024-04-22,Ballia,36.3,0.0,pre_monsoon,0
663,2024-04-23,Ballia,35.5,0.0,pre_monsoon,0
664,2024-04-24,Ballia,39.4,0.0,pre_monsoon,0
665,2024-04-25,Ballia,36.3,0.0,pre_monsoon,0
666,2024-04-26,Ballia,39.9,0.0,pre_monsoon,0
667,2024-04-27,Ballia,38.6,0.0,pre_monsoon,0
668,2024-04-28,Ballia,33.5,0.0,pre_monsoon,0
669,2024-04-29,Ballia,42.6,0.0,pre_monsoon,0
670,2024-04-30,Ballia,43.4,0.0,pre_monsoon,0
671,2024-05-01,Ballia,36.2,0.0,pre_monsoon,0
672,2024-05-02,Ballia,36.8,0.0,pre_monsoon,0
673,2024-05-03,Ballia,38.9,0.0,pre_monsoon,0
674,2024-05-04,Ballia,39.0,0.0,pre_monsoon,0
675,2024-05-05,Ballia,40.0,0.0,pre_monsoon,0
676,2024-05-06,Ballia,44.0,0.0,pre_monsoon,0
677,2024-05-07,Ballia,37.5,0.0,pre_monsoon,0
678,2024-05-08,Ballia,35.6,0.0,pre_monsoon,0
679,2024-05-09,Ballia,33.9,0.0,pre_monsoon,0
680,2024-05-10,Ballia,35.8,0.0,pre_monsoon,0
681,2024-05-11,Ballia,37.9,0.0,pre_monsoon,0
682,2024-05-12,Ballia,43.4,0.0,pre_monsoon,0
683,2024-05-13,Ballia,36.4,0.0,pre_monsoon,0
684,2024-05-14,Ballia,38.7,0.0,pre_monsoon,0
685,2024-05-15,Ballia,38.0,0.0,pre_monsoon,0
686,2024-05-16,Ballia,41.6,0.0,pre_monsoon,0
687,2024-05-17,Ballia,45.6,0.0,pre_monsoon,0
688,2024-05-18,Ballia,36.4,0.0,pre_monsoon,0
689,2024-05-19,Ballia,36.5,0.0,pre_monsoon,0
690,2024-05-20,Ballia,41.1,0.0,pre_monsoon,0
691,2024-05-21,Ballia,40.0,0.0,pre_monsoon,0
692,2024-05-22,Ballia,43.5,0.0,pre_monsoon,0
693,2024-05-23,Ballia,39.8,0.0,pre_monsoon,0
694,2024-05-24,Ballia,36.9,0.0,pre_monsoon,0
695,2024-05-25,Ballia,39.8,0.0,pre_monsoon,0
696,2024-05-26,Ballia,41.3,0.0,pre_monsoon,0
697,2024-05-27,Ballia,40.5,0.0,pre_monsoon,0
698,2024-05-28,Ballia,39.5,0.0,pre_monsoon,0
699,2024-05-29,Ballia,41.2,0.0,pre_monsoon,0
700,2024-05-30,Ballia,41.5,0.0,pre_monsoon,0
701,2024-05-31,Ballia,42.1,0.0,pre_monsoon,0
702,2024-06-01,Ballia,33.9,2.07,monsoon,0
703,2024-06-02,Ballia,31.5,25.53,monsoon,0
704,2024-06-03,Ballia,32.4,4.9,monsoon,0
705,2024-06-04,Ballia,33.1,16.33,monsoon,0
706,2024-06-05,Ballia,30.8,21.42,monsoon,0
707,2024-06-06,Ballia,32.6,8.5,monsoon,0
708,2024-06-07,Ballia,32.1,11.99,monsoon,0
709,2024-06-08,Ballia,33.9,3.61,monsoon,0
710,2024-06-09,Ballia,38.5,18.16,monsoon,0
711,2024-06-10,Ballia,32.7,1.36,monsoon,0
712,2024-06-11,Ballia,36.7,39.56,monsoon,0
713,2024-06-12,Ballia,33.8,5.02,monsoon,0
714,2024-06-13,Ballia,32.6,1.3,monsoon,0
715,2024-06-14,Ballia,30.7,33.22,monsoon,0
716,2024-06-15,Ballia,32.6,4.3,monsoon,0
717,2024-06-16,Ballia,32.4,14.78,monsoon,0
718,2024-06-17,Ballia,29.9,5.09,monsoon,0
719,2024-06-18,Ballia,30.3,11.64,monsoon,0
720,2024-06-19,Ballia,33.1,17.04,monsoon,0
721,2024-06-20,Ballia,36.7,0.3,monsoon,0
722,2024-06-21,Ballia,31.8,13.8,monsoon,0
723,2024-06-22,Ballia,27.7,7.08,monsoon,0
724,2024-06-23,Ballia,25.4,2.14,monsoon,0
725,2024-06-24,Ballia,28.9,19.01,monsoon,0
726,2024-06-25,Ballia,34.1,1.03,monsoon,0
727,2024-06-26,Ballia,28.2,13.69,monsoon,0
728,2024-06-27,Ballia,34.6,36.16,monsoon,0
729,2024-06-28,Ballia,34.0,1.97,monsoon,0
730,2024-06-29,Ballia,31.7,6.53,monsoon,0
731,2024-06-30,Ballia,27.4,12.21,monsoon,0
732,2024-07-01,Ballia,29.9,49.61,monsoon,0
733,2024-07-02,Ballia,31.3,6.32,monsoon,0
734,2024-07-03,Ballia,33.1,2.88,monsoon,0
735,2024-07-04,Ballia,28.2,0.38,monsoon,0
736,2024-07-05,Ballia,36.3,23.97,monsoon,0
737,2024-07-06,Ballia,33.0,7.69,monsoon,0
738,2024-07-07,Ballia,33.4,17.68,monsoon,0
739,2024-07-08,Ballia,33.9,22.36,monsoon,0
740,2024-07-09,Ballia,36.0,1.69,monsoon,0
741,2024-07-10,Ballia,32.6,0.4,monsoon,0
742,2024-07-11,Ballia,34.1,19.11,monsoon,0
743,2024-07-12,Ballia,30.0,7.88,monsoon,0
744,2024-07-13,Ballia,37.4,2.69,monsoon,0
745,2024-07-14,Ballia,32.4,8.12,monsoon,0
746,2024-07-15,Ballia,30.0,3.76,monsoon,0
747,2024-07-16,Ballia,30.7,19.17,monsoon,0
748,2024-07-17,Ballia,26.3,0.14,monsoon,0
749,2024-07-18,Ballia,30.6,0.9,monsoon,0
750,2024-07-19,Ballia,24.7,11.0,monsoon,0
751,2024-07-20,Ballia,34.4,4.14,monsoon,0
752,2024-07-21,Ballia,33.3,18.16,monsoon,0
753,2024-07-22,Ballia,29.1,0.49,monsoon,0
754,2024-07-23,Ballia,31.9,3.33,monsoon,0
755,2024-07-24,Ballia,32.0,51.81,monsoon,1
756,2024-07-25,Ballia,28.5,11.55,monsoon,0
757,2024-07-26,Ballia,31.3,14.55,monsoon,0
758,2024-07-27,Ballia,32.1,4.74,monsoon,0
759,2024-07-28,Ballia,31.3,8.75,monsoon,0
760,2024-07-29,Ballia,30.0,0.41,monsoon,0
761,2024-07-30,Ballia,29.0,0.98,monsoon,0
762,2024-07-31,Ballia,31.2,10.06,monsoon,0
763,2024-08-01,Ballia,30.3,14.03,monsoon,0
764,2024-08-02,Ballia,33.7,2.2,monsoon,0
765,2024-08-03,Ballia,36.2,1.33,monsoon,0
766,2024-08-04,Ballia,34.8,0.39,monsoon,0
767,2024-08-05,Ballia,32.2,33.03,monsoon,0
768,2024-08-06,Ballia,30.1,14.82,monsoon,0
769,2024-08-07,Ballia,34.7,24.57,monsoon,0
770,2024-08-08,Ballia,33.9,4.98,monsoon,0
771,2024-08-09,Ballia,36.0,20.24,monsoon,0
772,2024-08-10,Ballia,32.6,7.22,monsoon,0
773,2024-08-11,Ballia,37.2,12.38,monsoon,0
774,2024-08-12,Ballia,32.6,1.02,monsoon,0
775,2024-08-13,Ballia,30.0,0.75,monsoon,0
776,2024-08-14,Ballia,30.5,24.65,monsoon,0
777,2024-08-15,Ballia,33.6,2.97,monsoon,0
778,2024-08-16,Ballia,30.3,12.9,monsoon,0
779,2024-08-17,Ballia,37.2,8.27,monsoon,0
780,2024-08-18,Ballia,33.3,3.11,monsoon,0
781,2024-08-19,Ballia,32.1,67.3,monsoon,1
782,2024-08-20,Ballia,32.4,2.67,monsoon,0
783,2024-08-21,Ballia,31.2,13.68,monsoon,0
784,2024-08-22,Ballia,27.0,24.32,monsoon,0
785,2024-08-23,Ballia,30.6,15.59,monsoon,0
786,2024-08-24,Ballia,36.7,5.09,monsoon,0
787,2024-08-25,Ballia,32.7,5.56,monsoon,0
788,2024-08-26,Ballia,35.1,6.93,monsoon,0
789,2024-08-27,Ballia,35.2,15.5,monsoon,0
790,2024-08-28,Ballia,31.9,27.72,monsoon,0
791,2024-08-29,Ballia,34.0,6.57,monsoon,0
792,2024-08-30,Ballia,27.3,29.21,monsoon,0
793,2024-08-31,Ballia,36.4,2.84,monsoon,0
794,2024-09-01,Ballia,36.1,15.85,monsoon,0
795,2024-09-02,Ballia,33.5,1.69,monsoon,0
796,2024-09-03,Ballia,32.8,2.38,monsoon,0
797,2024-09-04,Ballia,31.9,3.25,monsoon,0
798,2024-09-05,Ballia,35.5,3.41,monsoon,0
799,2024-09-06,Ballia,34.3,24.55,monsoon,0
800,2024-09-07,Ballia,23.5,5.34,monsoon,0
801,2024-09-08,Ballia,30.9,10.79,monsoon,0
802,2024-09-09,Ballia,28.6,41.85,monsoon,0
803,2024-09-10,Ballia,28.1,3.58,monsoon,0
804,2024-09-11,Ballia,35.5,17.82,monsoon,0
805,2024-09-12,Ballia,31.9,1.68,monsoon,0
806,2024-09-13,Ballia,33.4,3.23,monsoon,0
807,2024-09-14,Ballia,32.2,0.92,monsoon,0
808,2024-09-15,Ballia,28.2,4.93,monsoon,0
809,2024-09-16,Ballia,27.3,21.18,monsoon,0
810,2024-09-17,Ballia,30.7,11.52,monsoon,0
811,2024-09-18,Ballia,31.0,14.72,monsoon,0
812,2024-09-19,Ballia,31.0,0.45,monsoon,0
813,2024-09-20,Ballia,31.0,16.0,monsoon,0
814,2024-09-21,Ballia,38.2,22.31,monsoon,0
815,2024-09-22,Ballia,35.1,19.66,monsoon,0
816,2024-09-23,Ballia,32.7,2.77,monsoon,0
817,2024-09-24,Ballia,31.8,1.42,monsoon,0
818,2024-09-25,Ballia,31.9,9.09,monsoon,0
819,2024-09-26,Ballia,34.2,33.1,monsoon,0
820,2024-09-27,Ballia,31.8,4.56,monsoon,0
821,2024-09-28,Ballia,34.7,8.49,monsoon,0
822,2024-09-29,Ballia,33.0,7.28,monsoon,0
823,2024-09-30,Ballia,38.3,8.7,monsoon,0
824,2024-10-01,Ballia,27.6,0.0,post_monsoon,0
825,2024-10-02,Ballia,31.3,0.0,post_monsoon,0
826,2024-10-03,Ballia,24.9,0.0,post_monsoon,0
827,2024-10-04,Ballia,29.8,0.0,post_monsoon,0
828,2024-10-05,Ballia,24.8,0.0,post_monsoon,0
829,2024-10-06,Ballia,26.1,0.0,post_monsoon,0
830,2024-10-07,Ballia,33.7,0.0,post_monsoon,0
831,2024-10-08,Ballia,27.4,0.0,post_monsoon,0
832,2024-10-09,Ballia,28.7,0.0,post_monsoon,0
833,2024-10-10,Ballia,30.6,0.0,post_monsoon,0
834,2024-10-11,Ballia,29.5,0.0,post_monsoon,0
835,2024-10-12,Ballia,28.5,0.0,post_monsoon,0
836,2024-10-13,Ballia,29.1,0.0,post_monsoon,0
837,2024-10-14,Ballia,35.2,0.0,post_monsoon,0
838,2024-10-15,Ballia,27.8,0.0,post_monsoon,0
839,2024-10-16,Ballia,28.6,0.0,post_monsoon,0
840,2024-10-17,Ballia,31.2,0.0,post_monsoon,0
841,2024-10-18,Ballia,31.3,0.0,post_monsoon,0
842,2024-10-19,Ballia,31.6,0.0,post_monsoon,0
843,2024-10-20,Ballia,29.9,0.0,post_monsoon,0
844,2024-10-21,Ballia,24.6,0.0,post_monsoon,0
845,2024-10-22,Ballia,32.9,0.0,post_monsoon,0
846,2024-10-23,Ballia,24.6,0.0,post_monsoon,0
847,2024-10-24,Ballia,28.9,0.0,post_monsoon,0
848,2024-10-25,Ballia,25.7,0.0,post_monsoon,0
849,2024-10-26,Ballia,27.8,0.0,post_monsoon,0
850,2024-10-27,Ballia,29.0,0.0,post_monsoon,0
851,2024-10-28,Ballia,29.0,0.0,post_monsoon,0
852,2024-10-29,Ballia,29.3,0.0,post_monsoon,0
853,2024-10-30,Ballia,32.8,0.0,post_monsoon,0
854,2024-10-31,Ballia,29.4,0.0,post_monsoon,0
855,2024-11-01,Ballia,17.3,0.0,winter,0
856,2024-11-02,Ballia,20.9,0.0,winter,0
857,2024-11-03,Ballia,21.6,0.0,winter,0
858,2024-11-04,Ballia,14.3,0.0,winter,0
859,2024-11-05,Ballia,19.8,0.0,winter,0
860,2024-11-06,Ballia,20.1,0.0,winter,0
861,2024-11-07,Ballia,17.1,0.0,winter,0
862,2024-11-08,Ballia,22.1,0.0,winter,0
863,2024-11-09,Ballia,17.5,0.0,winter,0
864,2024-11-10,Ballia,18.4,0.0,winter,0
865,2024-11-11,Ballia,17.5,0.0,winter,0
866,2024-11-12,Ballia,18.0,0.0,winter,0
867,2024-11-13,Ballia,14.7,0.0,winter,0
868,2024-11-14,Ballia,13.7,0.0,winter,0
869,2024-11-15,Ballia,22.8,0.0,winter,0
870,2024-11-16,Ballia,15.5,0.0,winter,0
871,2024-11-17,Ballia,15.0,0.0,winter,0
872,2024-11-18,Ballia,11.5,0.0,winter,0
873,2024-11-19,Ballia,16.1,0.0,winter,0
874,2024-11-20,Ballia,14.0,0.0,winter,0
875,2024-11-21,Ballia,22.9,0.0,winter,0
876,2024-11-22,Ballia,21.0,0.0,winter,0
877,2024-11-23,Ballia,15.9,0.0,winter,0
878,2024-11-24,Ballia,24.8,0.0,winter,0
879,2024-11-25,Ballia,20.9,0.0,winter,0
880,2024-11-26,Ballia,17.0,0.0,winter,0
881,2024-11-27,Ballia,10.5,0.0,winter,0
882,2024-11-28,Ballia,24.9,0.0,winter,0
883,2024-11-29,Ballia,13.8,0.0,winter,0
884,2024-11-30,Ballia,13.1,0.0,winter,0
885,2024-12-01,Ballia,21.1,0.0,winter,0
886,2024-12-02,Ballia,25.3,0.0,winter,0
887,2024-12-03,Ballia,22.2,0.0,winter,0
888,2024-12-04,Ballia,19.7,0.0,winter,0
889,2024-12-05,Ballia,19.8,0.0,winter,0
890,2024-12-06,Ballia,20.6,0.0,winter,0
891,2024-12-07,Ballia,20.3,0.0,winter,0
892,2024-12-08,Ballia,18.8,0.0,winter,0
893,2024-12-09,Ballia,18.3,0.0,winter,0
894,2024-12-10,Ballia,17.8,0.0,winter,0
895,2024-12-11,Ballia,15.7,0.0,winter,0
896,2024-12-12,Ballia,17.2,0.0,winter,0
897,2024-12-13,Ballia,12.9,0.0,winter,0
898,2024-12-14,Ballia,17.7,0.0,winter,0
899,2024-12-15,Ballia,15.0,0.0,winter,0
900,2024-12-16,Ballia,14.7,0.0,winter,0
901,2024-12-17,Ballia,18.5,0.0,winter,0
902,2024-12-18,Ballia,22.2,0.0,winter,0
903,2024-12-19,Ballia,20.8,0.0,winter,0
904,2024-12-20,Ballia,13.3,0.0,winter,0
905,2024-12-21,Ballia,15.0,0.0,winter,0
906,2024-12-22,Ballia,20.8,0.0,winter,0
907,2024-12-23,Ballia,15.1,0.0,winter,0
908,2024-12-24,Ballia,17.3,0.0,winter,0
909,2024-12-25,Ballia,19.7,0.0,winter,0
910,2024-12-26,Ballia,15.1,0.0,winter,0
911,2024-12-27,Ballia,18.3,0.0,winter,0
912,2024-12-28,Ballia,14.0,0.0,winter,0
913,2024-12-29,Ballia,16.2,0.0,winter,0
914,2024-12-30,Ballia,19.0,0.0,winter,0
915,2024-12-31,Ballia,13.2,0.0,winter,0
916,2025-01-01,Ballia,19.3,0.0,winter,0
917,2025-01-02,Ballia,17.9,0.0,winter,0
918,2025-01-03,Ballia,19.7,0.0,winter,0
919,2025-01-04,Ballia,18.7,0.0,winter,0
920,2025-01-05,Ballia,22.1,0.0,winter,0
921,2025-01-06,Ballia,18.4,0.0,winter,0
922,2025-01-07,Ballia,16.7,0.0,winter,0
923,2025-01-08,Ballia,18.4,0.0,winter,0
924,2025-01-09,Ballia,19.6,0.0,winter,0
925,2025-01-10,Ballia,18.1,0.0,winter,0
926,2025-01-11,Ballia,18.1,0.0,winter,0
927,2025-01-12,Ballia,15.9,0.0,winter,0
928,2025-01-13,Ballia,16.0,0.0,winter,0
929,2025-01-14,Ballia,13.8,0.0,winter,0
930,2025-01-15,Ballia,23.2,0.0,winter,0
931,2025-01-16,Ballia,14.3,0.0,winter,0
932,2025-01-17,Ballia,15.9,0.0,winter,0
933,2025-01-18,Ballia,15.8,0.0,winter,0
934,2025-01-19,Ballia,20.7,0.0,winter,0
935,2025-01-20,Ballia,17.1,0.0,winter,0
936,2025-01-21,Ballia,21.7,0.0,winter,0
937,2025-01-22,Ballia,16.0,0.0,winter,0
938,2025-01-23,Ballia,18.8,0.0,winter,0
939,2025-01-24,Ballia,15.5,0.0,winter,0
940,2025-01-25,Ballia,24.4,0.0,winter,0
941,2025-01-26,Ballia,14.4,0.0,winter,0
942,2025-01-27,Ballia,18.9,0.0,winter,0
943,2025-01-28,Ballia,19.9,0.0,winter,0
944,2025-01-29,Ballia,19.2,0.0,winter,0
945,2025-01-30,Ballia,17.4,0.0,winter,0
946,2025-01-31,Ballia,17.6,0.0,winter,0
947,2025-02-01,Ballia,18.1,0.0,winter,0
948,2025-02-02,Ballia,17.6,0.0,winter,0
949,2025-02-03,Ballia,20.9,0.0,winter,0
950,2025-02-04,Ballia,24.6,0.0,winter,0
951,2025-02-05,Ballia,16.3,0.0,winter,0
952,2025-02-06,Ballia,13.9,0.0,winter,0
953,2025-02-07,Ballia,17.7,0.0,winter,0
954,2025-02-08,Ballia,25.7,0.0,winter,0
955,2025-02-09,Ballia,15.6,0.0,winter,0
956,2025-02-10,Ballia,22.9,0.0,winter,0
957,2025-02-11,Ballia,23.0,0.0,winter,0
958,2025-02-12,Ballia,16.3,0.0,winter,0
959,2025-02-13,Ballia,19.7,0.0,winter,0
960,2025-02-14,Ballia,22.9,0.0,winter,0
961,2025-02-15,Ballia,16.9,0.0,winter,0
962,2025-02-16,Ballia,17.4,0.0,winter,0
963,2025-02-17,Ballia,16.3,0.0,winter,0
964,2025-02-18,Ballia,15.0,0.0,winter,0
965,2025-02-19,Ballia,16.1,0.0,winter,0
966,2025-02-20,Ballia,14.3,0.0,winter,0
967,2025-02-21,Ballia,18.1,0.0,winter,0
968,2025-02-22,Ballia,15.7,0.0,winter,0
969,2025-02-23,Ballia,18.7,0.0,winter,0
970,2025-02-24,Ballia,13.3,0.0,winter,0
971,2025-02-25,Ballia,19.0,0.0,winter,0
972,2025-02-26,Ballia,20.5,0.0,winter,0
973,2025-02-27,Ballia,12.0,0.0,winter,0
974,2025-02-28,Ballia,19.1,0.0,winter,0
975,2025-03-01,Ballia,41.7,0.0,pre_monsoon,0
976,2025-03-02,Ballia,34.4,0.0,pre_monsoon,0
977,2025-03-03,Ballia,43.0,0.0,pre_monsoon,0
978,2025-03-04,Ballia,39.3,0.0,pre_monsoon,0
979,2025-03-05,Ballia,35.9,0.0,pre_monsoon,0
980,2025-03-06,Ballia,37.8,0.0,pre_monsoon,0
981,2025-03-07,Ballia,39.7,0.0,pre_monsoon,0
982,2025-03-08,Ballia,38.2,0.0,pre_monsoon,0
983,2025-03-09,Ballia,39.6,0.0,pre_monsoon,0
984,2025-03-10,Ballia,35.2,0.0,pre_monsoon,0
985,2025-03-11,Ballia,38.5,0.0,pre_monsoon,0
986,2025-03-12,Ballia,33.8,0.0,pre_monsoon,0
987,2025-03-13,Ballia,37.7,0.0,pre_monsoon,0
988,2025-03-14,Ballia,35.3,0.0,pre_monsoon,0
989,2025-03-15,Ballia,35.8,0.0,pre_monsoon,0
990,2025-03-16,Ballia,41.7,0.0,pre_monsoon,0
991,2025-03-17,Ballia,41.3,0.0,pre_monsoon,0
992,2025-03-18,Ballia,39.8,0.0,pre_monsoon,0
993,2025-03-19,Ballia,34.7,0.0,pre_monsoon,0
994,2025-03-20,Ballia,37.1,0.0,pre_monsoon,0
995,2025-03-21,Ballia,41.6,0.0,pre_monsoon,0
996,2025-03-22,Ballia,38.4,0.0,pre_monsoon,0
997,2025-03-23,Ballia,45.0,0.0,pre_monsoon,0
998,2025-03-24,Ballia,39.2,0.0,pre_monsoon,0
999,2025-03-25,Ballia,38.6,0.0,pre_monsoon,0
1000,2025-03-26,Ballia,37.1,0.0,pre_monsoon,0
1001,2025-03-27,Ballia,38.4,0.0,pre_monsoon,0
1002,2025-03-28,Ballia,37.5,0.0,pre_monsoon,0
1003,2025-03-29,Ballia,40.1,0.0,pre_monsoon,0
1004,2025-03-30,Ballia,40.9,0.0,pre_monsoon,0
1005,2025-03-31,Ballia,35.6,0.0,pre_monsoon,0
1006,2025-04-01,Ballia,34.0,0.0,pre_monsoon,0
1007,2025-04-02,Ballia,32.5,0.0,pre_monsoon,0
1008,2025-04-03,Ballia,39.5,0.0,pre_monsoon,0
1009,2025-04-04,Ballia,34.7,0.0,pre_monsoon,0
1010,2025-04-05,Ballia,31.5,0.0,pre_monsoon,0
1011,2025-04-06,Ballia,39.2,0.0,pre_monsoon,0
1012,2025-04-07,Ballia,45.5,0.0,pre_monsoon,0
1013,2025-04-08,Ballia,38.0,0.0,pre_monsoon,0
1014,2025-04-09,Ballia,40.5,0.0,pre_monsoon,0
1015,2025-04-10,Ballia,38.2,0.0,pre_monsoon,0
1016,2025-04-11,Ballia,37.7,0.0,pre_monsoon,0
1017,2025-04-12,Ballia,40.8,0.0,pre_monsoon,0
1018,2025-04-13,Ballia,37.1,0.0,pre_monsoon,0
1019,2025-04-14,Ballia,38.8,0.0,pre_monsoon,0
1020,2025-04-15,Ballia,39.0,0.0,pre_monsoon,0
1021,2025-04-16,Ballia,36.0,0.0,pre_monsoon,0
1022,2025-04-17,Ballia,41.0,0.0,pre_monsoon,0
1023,2025-04-18,Ballia,37.5,0.0,pre_monsoon,0
1024,2025-04-19,Ballia,35.7,0.0,pre_monsoon,0
1025,2025-04-20,Ballia,39.6,0.0,pre_monsoon,0
1026,2025-04-21,Ballia,35.3,0.0,pre_monsoon,0
1027,2025-04-22,Ballia,38.1,0.0,pre_monsoon,0
1028,2025-04-23,Ballia,38.0,0.0,pre_monsoon,0
1029,2025-04-24,Ballia,41.3,0.0,pre_monsoon,0
1030,2025-04-25,Ballia,39.4,0.0,pre_monsoon,0
1031,2025-04-26,Ballia,37.9,0.0,pre_monsoon,0
1032,2025-04-27,Ballia,40.5,0.0,pre_monsoon,0
1033,2025-04-28,Ballia,42.2,0.0,pre_monsoon,0
1034,2025-04-29,Ballia,39.7,0.0,pre_monsoon,0
1035,2025-04-30,Ballia,38.0,0.0,pre_monsoon,0
1036,2025-05-01,Ballia,34.1,0.0,pre_monsoon,0
1037,2025-05-02,Ballia,34.8,0.0,pre_monsoon,0
1038,2025-05-03,Ballia,37.1,0.0,pre_monsoon,0
1039,2025-05-04,Ballia,36.2,0.0,pre_monsoon,0
1040,2025-05-05,Ballia,37.4,0.0,pre_monsoon,0
1041,2025-05-06,Ballia,38.2,0.0,pre_monsoon,0
1042,2025-05-07,Ballia,39.6,0.0,pre_monsoon,0
1043,2025-05-08,Ballia,37.8,0.0,pre_monsoon,0
1044,2025-05-09,Ballia,39.5,0.0,pre_monsoon,0
1045,2025-05-10,Ballia,38.2,0.0,pre_monsoon,0
1046,2025-05-11,Ballia,32.1,0.0,pre_monsoon,0
1047,2025-05-12,Ballia,35.2,0.0,pre_monsoon,0
1048,2025-05-13,Ballia,37.6,0.0,pre_monsoon,0
1049,2025-05-14,Ballia,34.4,0.0,pre_monsoon,0
1050,2025-05-15,Ballia,39.8,0.0,pre_monsoon,0
1051,2025-05-16,Ballia,42.6,0.0,pre_monsoon,0
1052,2025-05-17,Ballia,41.7,0.0,pre_monsoon,0
1053,2025-05-18,Ballia,37.4,0.0,pre_monsoon,0
1054,2025-05-19,Ballia,42.5,0.0,pre_monsoon,0
1055,2025-05-20,Ballia,38.4,0.0,pre_monsoon,0
1056,2025-05-21,Ballia,37.0,0.0,pre_monsoon,0
1057,2025-05-22,Ballia,36.2,0.0,pre_monsoon,0
1058,2025-05-23,Ballia,37.1,0.0,pre_monsoon,0
1059,2025-05-24,Ballia,36.8,0.0,pre_monsoon,0
1060,2025-05-25,Ballia,38.5,3.56,pre_monsoon,0
1061,2025-05-26,Ballia,33.4,0.0,pre_monsoon,0
1062,2025-05-27,Ballia,40.7,0.0,pre_monsoon,0
1063,2025-05-28,Ballia,39.5,0.0,pre_monsoon,0
1064,2025-05-29,Ballia,44.9,0.0,pre_monsoon,0
1065,2025-05-30,Ballia,34.9,0.0,pre_monsoon,0
1066,2025-05-31,Ballia,37.4,0.0,pre_monsoon,0
1067,2025-06-01,Ballia,27.9,26.12,monsoon,0
1068,2025-06-02,Ballia,31.3,5.5,monsoon,0
1069,2025-06-03,Ballia,33.6,6.42,monsoon,0
1070,2025-06-04,Ballia,34.3,17.6,monsoon,0
1071,2025-06-05,Ballia,30.3,0.13,monsoon,0
1072,2025-06-06,Ballia,24.2,0.23,monsoon,0
1073,2025-06-07,Ballia,30.4,3.61,monsoon,0
1074,2025-06-08,Ballia,33.2,9.2,monsoon,0
1075,2025-06-09,Ballia,32.0,2.91,monsoon,0
1076,2025-06-10,Ballia,33.7,1.39,monsoon,0
1077,2025-06-11,Ballia,35.6,9.53,monsoon,0
1078,2025-06-12,Ballia,31.5,1.24,monsoon,0
1079,2025-06-13,Ballia,30.7,8.04,monsoon,0
1080,2025-06-14,Ballia,29.3,16.04,monsoon,0
1081,2025-06-15,Ballia,27.9,7.76,monsoon,0
1082,2025-06-16,Ballia,27.2,7.38,monsoon,0
1083,2025-06-17,Ballia,30.0,18.45,monsoon,0
1084,2025-06-18,Ballia,35.1,13.98,monsoon,0
1085,2025-06-19,Ballia,34.0,6.91,monsoon,0
1086,2025-06-20,Ballia,30.5,0.47,monsoon,0
1087,2025-06-21,Ballia,38.5,27.84,monsoon,0
1088,2025-06-22,Ballia,30.2,12.92,monsoon,0
1089,2025-06-23,Ballia,35.9,27.06,monsoon,0
1090,2025-06-24,Ballia,36.7,0.83,monsoon,0
1091,2025-06-25,Ballia,33.4,8.77,monsoon,0
1092,2025-06-26,Ballia,30.0,8.61,monsoon,0
1093,2025-06-27,Ballia,30.9,13.68,monsoon,0
1094,2025-06-28,Ballia,32.6,0.89,monsoon,0
1095,2025-06-29,Ballia,28.0,0.15,monsoon,0
1096,2025-06-30,Ballia,29.1,5.16,monsoon,0
1097,2025-07-01,Ballia,28.9,17.88,monsoon,0
1098,2025-07-02,Ballia,33.6,2.3,monsoon,0
1099,2025-07-03,Ballia,35.6,1.24,monsoon,0
1100,2025-07-04,Ballia,34.2,3.7,monsoon,0
1101,2025-07-05,Ballia,35.0,0.25,monsoon,0
1102,2025-07-06,Ballia,29.7,11.76,monsoon,0
1103,2025-07-07,Ballia,31.0,5.77,monsoon,0
1104,2025-07-08,Ballia,31.2,11.45,monsoon,0
1105,2025-07-09,Ballia,33.4,17.88,monsoon,0
1106,2025-07-10,Ballia,38.5,0.51,monsoon,0
1107,2025-07-11,Ballia,30.1,41.49,monsoon,0
1108,2025-07-12,Ballia,34.8,46.93,monsoon,0
1109,2025-07-13,Ballia,36.6,11.05,monsoon,0
1110,2025-07-14,Ballia,33.5,20.04,monsoon,0
1111,2025-07-15,Ballia,30.9,12.82,monsoon,0
1112,2025-07-16,Ballia,29.5,31.59,monsoon,0
1113,2025-07-17,Ballia,28.9,3.05,monsoon,0
1114,2025-07-18,Ballia,26.1,6.95,monsoon,0
1115,2025-07-19,Ballia,31.3,11.39,monsoon,0
1116,2025-07-20,Ballia,31.2,26.16,monsoon,0
1117,2025-07-21,Ballia,34.6,12.46,monsoon,0
1118,2025-07-22,Ballia,30.3,23.71,monsoon,0
1119,2025-07-23,Ballia,31.5,22.49,monsoon,0
1120,2025-07-24,Ballia,32.8,16.88,monsoon,0
1121,2025-07-25,Ballia,33.5,7.41,monsoon,0
1122,2025-07-26,Ballia,34.2,17.98,monsoon,0
1123,2025-07-27,Ballia,32.5,12.81,monsoon,0
1124,2025-07-28,Ballia,28.1,50.14,monsoon,1
1125,2025-07-29,Ballia,33.2,33.25,monsoon,0
1126,2025-07-30,Ballia,30.0,20.43,monsoon,0
1127,2025-07-31,Ballia,35.7,2.88,monsoon,0
1128,2025-08-01,Ballia,32.1,15.84,monsoon,0
1129,2025-08-02,Ballia,32.7,9.38,monsoon,0
1130,2025-08-03,Ballia,39.8,4.24,monsoon,0
1131,2025-08-04,Ballia,34.3,9.99,monsoon,0
1132,2025-08-05,Ballia,33.1,12.14,monsoon,0
1133,2025-08-06,Ballia,31.6,17.18,monsoon,0
1134,2025-08-07,Ballia,28.3,0.11,monsoon,0
1135,2025-08-08,Ballia,31.4,3.4,monsoon,0
1136,2025-08-09,Ballia,29.4,19.32,monsoon,0
1137,2025-08-10,Ballia,37.0,2.74,monsoon,0
1138,2025-08-11,Ballia,33.2,11.48,monsoon,0
1139,2025-08-12,Ballia,35.6,2.5,monsoon,0
1140,2025-08-13,Ballia,30.2,9.7,monsoon,0
1141,2025-08-14,Ballia,29.6,0.06,monsoon,0
1142,2025-08-15,Ballia,33.9,38.06,monsoon,0
1143,2025-08-16,Ballia,29.3,5.51,monsoon,0
1144,2025-08-17,Ballia,30.7,4.38,monsoon,0
1145,2025-08-18,Ballia,37.2,25.11,monsoon,0
1146,2025-08-19,Ballia,30.8,26.08,monsoon,0
1147,2025-08-20,Ballia,27.7,10.79,monsoon,0
1148,2025-08-21,Ballia,26.7,14.27,monsoon,0
1149,2025-08-22,Ballia,27.4,0.04,monsoon,0
1150,2025-08-23,Ballia,35.8,18.97,monsoon,0
1151,2025-08-24,Ballia,30.3,1.17,monsoon,0
1152,2025-08-25,Ballia,39.7,12.34,monsoon,0
1153,2025-08-26,Ballia,36.6,0.8,monsoon,0
1154,2025-08-27,Ballia,38.0,9.87,monsoon,0
1155,2025-08-28,Ballia,35.1,11.1,monsoon,0
1156,2025-08-29,Ballia,33.8,3.77,monsoon,0
1157,2025-08-30,Ballia,29.5,20.92,monsoon,0
1158,2025-08-31,Ballia,32.0,0.72,monsoon,0
1159,2025-09-01,Ballia,34.1,4.88,monsoon,0
1160,2025-09-02,Ballia,34.9,18.65,monsoon,0
1161,2025-09-03,Ballia,28.6,8.74,monsoon,0
1162,2025-09-04,Ballia,31.4,4.77,monsoon,0
1163,2025-09-05,Ballia,31.8,6.83,monsoon,0
1164,2025-09-06,Ballia,31.6,10.94,monsoon,0
1165,2025-09-07,Ballia,28.9,15.97,monsoon,0
1166,2025-09-08,Ballia,37.6,12.13,monsoon,0
1167,2025-09-09,Ballia,31.3,18.48,monsoon,0
1168,2025-09-10,Ballia,29.1,21.98,monsoon,0
1169,2025-09-11,Ballia,37.7,5.81,monsoon,0
1170,2025-09-12,Ballia,36.6,2.45,monsoon,0
1171,2025-09-13,Ballia,32.4,5.4,monsoon,0
1172,2025-09-14,Ballia,26.7,4.26,monsoon,0
1173,2025-09-15,Ballia,30.6,33.9,monsoon,0
1174,2025-09-16,Ballia,27.2,24.74,monsoon,0
1175,2025-09-17,Ballia,33.5,22.14,monsoon,0
1176,2025-09-18,Ballia,30.4,7.35,monsoon,0
1177,2025-09-19,Ballia,31.9,7.92,monsoon,0
1178,2025-09-20,Ballia,37.3,6.89,monsoon,0
1179,2025-09-21,Ballia,30.2,15.69,monsoon,0
1180,2025-09-22,Ballia,33.4,11.31,monsoon,0
1181,2025-09-23,Ballia,34.3,1.75,monsoon,0
1182,2025-09-24,Ballia,35.7,37.65,monsoon,0
1183,2025-09-25,Ballia,31.7,0.86,monsoon,0
1184,2025-09-26,Ballia,31.4,3.64,monsoon,0
1185,2025-09-27,Ballia,31.3,3.4,monsoon,0
1186,2025-09-28,Ballia,33.1,3.81,monsoon,0
1187,2025-09-29,Ballia,36.5,17.1,monsoon,0
1188,2025-09-30,Ballia,31.2,0.81,monsoon,0
1189,2025-10-01,Ballia,26.4,0.0,post_monsoon,0
1190,2025-10-02,Ballia,28.0,0.0,post_monsoon,0
1191,2025-10-03,Ballia,28.3,0.0,post_monsoon,0
1192,2025-10-04,Ballia,24.6,0.0,post_monsoon,0
1193,2025-10-05,Ballia,22.7,0.0,post_monsoon,0
1194,2025-10-06,Ballia,24.9,0.0,post_monsoon,0
1195,2025-10-07,Ballia,28.7,0.0,post_monsoon,0
1196,2025-10-08,Ballia,28.3,0.0,post_monsoon,0
1197,2025-10-09,Ballia,30.1,0.0,post_monsoon,0
1198,2025-10-10,Ballia,28.3,0.0,post_monsoon,0
1199,2025-10-11,Ballia,27.7,0.0,post_monsoon,0
1200,2025-10-12,Ballia,26.2,0.0,post_monsoon,0
1201,2025-10-13,Ballia,30.7,0.0,post_monsoon,0
1202,2025-10-14,Ballia,25.2,0.0,post_monsoon,0
1203,2025-10-15,Ballia,24.7,0.0,post_monsoon,0
1204,2025-10-16,Ballia,29.7,0.0,post_monsoon,0
1205,2025-10-17,Ballia,24.0,0.0,post_monsoon,0
1206,2025-10-18,Ballia,35.2,0.0,post_monsoon,0
1207,2025-10-19,Ballia,28.2,0.0,post_monsoon,0
1208,2025-10-20,Ballia,29.0,0.0,post_monsoon,0
1209,2025-10-21,Ballia,25.6,0.0,post_monsoon,0
1210,2025-10-22,Ballia,27.1,0.0,post_monsoon,0
1211,2025-10-23,Ballia,26.7,0.0,post_monsoon,0
1212,2025-10-24,Ballia,26.4,0.0,post_monsoon,0
1213,2025-10-25,Ballia,29.9,0.0,post_monsoon,0
1214,2025-10-26,Ballia,26.7,0.0,post_monsoon,0
1215,2025-10-27,Ballia,31.1,0.0,post_monsoon,0
1216,2025-10-28,Ballia,36.0,0.0,post_monsoon,0
1217,2025-10-29,Ballia,27.1,0.0,post_monsoon,0
1218,2025-10-30,Ballia,28.5,0.0,post_monsoon,0
1219,2025-10-31,Ballia,29.1,0.0,post_monsoon,0
1220,2025-11-01,Ballia,23.4,0.0,winter,0
1221,2025-11-02,Ballia,17.8,0.0,winter,0
1222,2025-11-03,Ballia,15.5,0.0,winter,0
1223,2025-11-04,Ballia,14.2,0.0,winter,0
1224,2025-11-05,Ballia,17.8,0.0,winter,0
1225,2025-11-06,Ballia,16.7,0.0,winter,0
1226,2025-11-07,Ballia,24.0,0.0,winter,0
1227,2025-11-08,Ballia,23.3,0.0,winter,0
1228,2025-11-09,Ballia,14.9,0.0,winter,0
1229,2025-11-10,Ballia,15.9,0.0,winter,0
1230,2025-11-11,Ballia,18.2,0.0,winter,0
1231,2025-11-12,Ballia,22.2,0.0,winter,0
1232,2025-11-13,Ballia,18.2,0.0,winter,0
1233,2025-11-14,Ballia,16.1,0.0,winter,0
1234,2025-11-15,Ballia,17.8,0.0,winter,0
1235,2025-11-16,Ballia,16.1,0.0,winter,0
1236,2025-11-17,Ballia,19.8,0.0,winter,0
1237,2025-11-18,Ballia,15.9,0.0,winter,0
1238,2025-11-19,Ballia,16.5,0.0,winter,0
1239,2025-11-20,Ballia,21.5,0.0,winter,0
1240,2025-11-21,Ballia,15.7,0.0,winter,0
1241,2025-11-22,Ballia,13.7,0.0,winter,0
1242,2025-11-23,Ballia,18.3,0.0,winter,0
1243,2025-11-24,Ballia,16.9,0.0,winter,0
1244,2025-11-25,Ballia,19.5,0.0,winter,0
1245,2025-11-26,Ballia,19.0,0.0,winter,0
1246,2025-11-27,Ballia,17.9,0.0,winter,0
1247,2025-11-28,Ballia,17.8,0.0,winter,0
1248,2025-11-29,Ballia,15.8,0.0,winter,0
1249,2025-11-30,Ballia,18.3,0.0,winter,0
1250,2025-12-01,Ballia,20.6,0.0,winter,0
1251,2025-12-02,Ballia,15.1,0.0,winter,0
1252,2025-12-03,Ballia,18.0,0.0,winter,0
1253,2025-12-04,Ballia,21.1,0.0,winter,0
1254,2025-12-05,Ballia,19.5,0.0,winter,0
1255,2025-12-06,Ballia,21.9,0.0,winter,0
1256,2025-12-07,Ballia,16.3,0.0,winter,0
1257,2025-12-08,Ballia,12.5,0.0,winter,0
1258,2025-12-09,Ballia,18.6,0.0,winter,0
1259,2025-12-10,Ballia,19.1,0.0,winter,0
1260,2025-12-11,Ballia,22.1,0.0,winter,0
1261,2025-12-12,Ballia,21.6,0.0,winter,0
1262,2025-12-13,Ballia,19.6,0.0,winter,0
1263,2025-12-14,Ballia,20.3,0.0,winter,0
1264,2025-12-15,Ballia,17.4,0.0,winter,0
1265,2025-12-16,Ballia,14.3,0.0,winter,0
1266,2025-12-17,Ballia,18.4,0.0,winter,0
1267,2025-12-18,Ballia,20.9,0.0,winter,0
1268,2025-12-19,Ballia,20.0,0.0,winter,0
1269,2025-12-20,Ballia,20.5,0.0,winter,0
1270,2025-12-21,Ballia,16.7,0.0,winter,0
1271,2025-12-22,Ballia,17.2,0.0,winter,0
1272,2025-12-23,Ballia,19.5,0.0,winter,0
1273,2025-12-24,Ballia,16.4,0.0,winter,0
1274,2025-12-25,Ballia,16.5,0.0,winter,0
1275,2025-12-26,Ballia,18.9,0.0,winter,0
1276,2025-12-27,Ballia,20.3,0.0,winter,0
1277,2025-12-28,Ballia,17.4,0.0,winter,0
1278,2025-12-29,Ballia,14.5,0.0,winter,0
1279,2025-12-30,Ballia,15.8,0.0,winter,0
1280,2025-12-31,Ballia,18.6,0.0,winter,0
1281,2026-01-01,Ballia,18.6,0.0,winter,0
1282,2026-01-02,Ballia,18.7,0.0,winter,0
1283,2026-01-03,Ballia,19.6,0.0,winter,0
1284,2026-01-04,Ballia,18.0,0.0,winter,0
1285,2026-01-05,Ballia,18.8,0.0,winter,0
1286,2026-01-06,Ballia,17.9,0.0,winter,0
1287,2026-01-07,Ballia,21.4,0.0,winter,0
1288,2026-01-08,Ballia,22.3,0.0,winter,0
1289,2026-01-09,Ballia,14.4,0.0,winter,0
1290,2026-01-10,Ballia,17.2,0.0,winter,0
1291,2026-01-11,Ballia,18.1,0.0,winter,0
1292,2026-01-12,Ballia,17.2,0.0,winter,0
1293,2026-01-13,Ballia,23.4,0.0,winter,0
1294,2026-01-14,Ballia,18.7,0.0,winter,0
1295,2026-01-15,Ballia,15.6,0.0,winter,0
1296,2026-01-16,Ballia,19.8,0.0,winter,0
1297,2026-01-17,Ballia,18.8,0.0,winter,0
1298,2026-01-18,Ballia,18.9,0.0,winter,0
1299,2026-01-19,Ballia,23.4,0.0,winter,0
1300,2026-01-20,Ballia,19.1,0.0,winter,0
1301,2026-01-21,Ballia,17.1,0.0,winter,0
1302,2026-01-22,Ballia,12.1,0.0,winter,0
1303,2026-01-23,Ballia,17.5,0.0,winter,0
1304,2026-01-24,Ballia,21.9,0.0,winter,0
1305,2026-01-25,Ballia,17.7,0.0,winter,0
1306,2026-01-26,Ballia,11.3,0.0,winter,0
1307,2026-01-27,Ballia,16.5,0.0,winter,0
1308,2026-01-28,Ballia,21.0,0.0,winter,0
1309,2026-01-29,Ballia,19.6,0.0,winter,0
1310,2026-01-30,Ballia,15.5,0.0,winter,0
1311,2026-01-31,Ballia,16.3,0.0,winter,0
1312,2026-02-01,Ballia,16.8,0.0,winter,0
1313,2026-02-02,Ballia,16.0,0.0,winter,0
1314,2026-02-03,Ballia,11.9,0.0,winter,0
1315,2026-02-04,Ballia,20.3,0.0,winter,0
1316,2026-02-05,Ballia,21.8,0.0,winter,0
1317,2026-02-06,Ballia,13.4,0.0,winter,0
1318,2026-02-07,Ballia,21.7,0.0,winter,0
1319,2026-02-08,Ballia,17.7,0.0,winter,0
1320,2026-02-09,Ballia,21.7,0.0,winter,0
1321,2026-02-10,Ballia,18.1,0.0,winter,0
1322,2026-02-11,Ballia,18.4,0.0,winter,0
1323,2026-02-12,Ballia,19.1,0.0,winter,0
1324,2026-02-13,Ballia,15.6,0.0,winter,0
1325,2026-02-14,Ballia,21.6,0.0,winter,0
1326,2026-02-15,Ballia,14.6,0.0,winter,0
1327,2026-02-16,Ballia,16.8,0.0,winter,0
1328,2026-02-17,Ballia,19.6,0.0,winter,0
1329,2026-02-18,Ballia,16.5,0.0,winter,0
1330,2026-02-19,Ballia,20.3,0.0,winter,0
1331,2026-02-20,Ballia,22.1,0.0,winter,0
1332,2026-02-21,Ballia,21.0,0.0,winter,0
1333,2026-02-22,Ballia,12.2,0.0,winter,0
1334,2026-02-23,Ballia,18.4,0.0,winter,0
1335,2026-02-24,Ballia,21.1,0.0,winter,0
1336,2026-02-25,Ballia,14.0,0.0,winter,0
1337,2026-02-26,Ballia,20.2,0.0,winter,0
1338,2026-02-27,Ballia,20.0,0.0,winter,0
1339,2026-02-28,Ballia,14.4,0.0,winter,0
1340,2026-03-01,Ballia,40.5,0.0,pre_monsoon,0
1341,2026-03-02,Ballia,38.8,0.0,pre_monsoon,0
1342,2026-03-03,Ballia,40.0,0.0,pre_monsoon,0
1343,2026-03-04,Ballia,35.1,0.0,pre_monsoon,0
1344,2026-03-05,Ballia,38.5,0.0,pre_monsoon,0
1345,2026-03-06,Ballia,32.9,0.0,pre_monsoon,0
1346,2026-03-07,Ballia,31.2,0.0,pre_monsoon,0
1347,2026-03-08,Ballia,38.4,0.0,pre_monsoon,0
1348,2026-03-09,Ballia,41.3,0.0,pre_monsoon,0
1349,2026-03-10,Ballia,38.8,0.0,pre_monsoon,0
1350,2026-03-11,Ballia,37.8,0.0,pre_monsoon,0
1351,2026-03-12,Ballia,37.4,0.0,pre_monsoon,0
1352,2026-03-13,Ballia,35.2,0.0,pre_monsoon,0
1353,2026-03-14,Ballia,37.3,0.0,pre_monsoon,0
1354,2026-03-15,Ballia,39.3,9.77,pre_monsoon,0
1355,2026-03-16,Ballia,39.5,0.0,pre_monsoon,0
1356,2026-03-17,Ballia,37.2,0.0,pre_monsoon,0
1357,2026-03-18,Ballia,40.2,0.0,pre_monsoon,0
1358,2026-03-19,Ballia,39.8,0.0,pre_monsoon,0
1359,2026-03-20,Ballia,35.2,0.0,pre_monsoon,0
1360,2026-03-21,Ballia,41.3,0.0,pre_monsoon,0
1361,2026-03-22,Ballia,40.0,8.84,pre_monsoon,0
1362,2026-03-23,Ballia,36.8,0.0,pre_monsoon,0
1363,2026-03-24,Ballia,39.0,0.0,pre_monsoon,0
1364,2026-03-25,Ballia,36.1,0.0,pre_monsoon,0
1365,2026-03-26,Ballia,35.3,0.0,pre_monsoon,0
1366,2026-03-27,Ballia,38.3,0.0,pre_monsoon,0
1367,2026-03-28,Ballia,32.3,0.0,pre_monsoon,0
1368,2026-03-29,Ballia,37.1,0.0,pre_monsoon,0
1369,2026-03-30,Ballia,33.2,0.0,pre_monsoon,0
1370,2026-03-31,Ballia,40.3,0.0,pre_monsoon,0
1371,2026-04-01,Ballia,41.2,0.0,pre_monsoon,0
1372,2026-04-02,Ballia,35.4,0.0,pre_monsoon,0
1373,2026-04-03,Ballia,39.3,0.0,pre_monsoon,0
1374,2026-04-04,Ballia,40.7,0.0,pre_monsoon,0
1375,2026-04-05,Ballia,40.7,0.0,pre_monsoon,0
1376,2026-04-06,Ballia,38.6,0.0,pre_monsoon,0
1377,2026-04-07,Ballia,40.2,0.0,pre_monsoon,0
1378,2026-04-08,Ballia,36.1,0.0,pre_monsoon,0
1379,2026-04-09,Ballia,38.2,0.0,pre_monsoon,0
1380,2026-04-10,Ballia,36.6,0.0,pre_monsoon,0
1381,2026-04-11,Ballia,35.8,0.0,pre_monsoon,0
1382,2026-04-12,Ballia,38.1,0.0,pre_monsoon,0
1383,2026-04-13,Ballia,39.0,0.0,pre_monsoon,0
1384,2026-04-14,Ballia,41.5,0.0,pre_monsoon,0
1385,2026-04-15,Ballia,38.8,0.0,pre_monsoon,0
1386,2026-04-16,Ballia,39.9,0.0,pre_monsoon,0
1387,2026-04-17,Ballia,40.0,0.0,pre_monsoon,0
1388,2026-04-18,Ballia,46.1,2.81,pre_monsoon,0
1389,2026-04-19,Ballia,36.0,0.0,pre_monsoon,0
1390,2026-04-20,Ballia,32.5,0.0,pre_monsoon,0
1391,2026-04-21,Ballia,39.5,0.0,pre_monsoon,0
1392,2026-04-22,Ballia,42.1,0.0,pre_monsoon,0
1393,2026-04-23,Ballia,37.6,0.0,pre_monsoon,0
1394,2026-04-24,Ballia,40.9,0.0,pre_monsoon,0
1395,2026-04-25,Ballia,42.8,0.0,pre_monsoon,0
1396,2026-04-26,Ballia,41.9,0.0,pre_monsoon,0
1397,2026-04-27,Ballia,42.9,0.0,pre_monsoon,0
1398,2026-04-28,Ballia,40.2,0.0,pre_monsoon,0
1399,2026-04-29,Ballia,38.2,0.0,pre_monsoon,0
1400,2026-04-30,Ballia,33.2,0.0,pre_monsoon,0
1401,2026-05-01,Ballia,37.3,0.0,pre_monsoon,0
1402,2026-05-02,Ballia,35.5,0.0,pre_monsoon,0
1403,2026-05-03,Ballia,44.5,0.0,pre_monsoon,0
1404,2026-05-04,Ballia,37.5,0.0,pre_monsoon,0
1405,2026-05-05,Ballia,38.4,0.0,pre_monsoon,0
1406,2026-05-06,Ballia,39.7,6.8,pre_monsoon,0
1407,2026-05-07,Ballia,44.9,0.0,pre_monsoon,0
1408,2026-05-08,Ballia,38.3,0.0,pre_monsoon,0
1409,2026-05-09,Ballia,37.7,0.0,pre_monsoon,0
1410,2026-05-10,Ballia,37.4,0.0,pre_monsoon,0
1411,2026-05-11,Ballia,36.7,0.0,pre_monsoon,0
1412,2026-05-12,Ballia,31.4,0.0,pre_monsoon,0
1413,2026-05-13,Ballia,37.3,0.0,pre_monsoon,0
1414,2026-05-14,Ballia,31.8,0.0,pre_monsoon,0
1415,2026-05-15,Ballia,39.4,0.0,pre_monsoon,0
1416,2026-05-16,Ballia,34.3,0.0,pre_monsoon,0
1417,2026-05-17,Ballia,35.3,0.0,pre_monsoon,0
1418,2026-05-18,Ballia,36.0,0.0,pre_monsoon,0
1419,2026-05-19,Ballia,37.4,0.0,pre_monsoon,0
1420,2026-05-20,Ballia,38.0,0.0,pre_monsoon,0
1421,2026-05-21,Ballia,41.3,0.0,pre_monsoon,0
1422,2026-05-22,Ballia,36.3,0.0,pre_monsoon,0
1423,2026-05-23,Ballia,39.4,0.0,pre_monsoon,0
1424,2026-05-24,Ballia,46.2,0.0,pre_monsoon,0
1425,2026-05-25,Ballia,39.1,0.0,pre_monsoon,0
1426,2026-05-26,Ballia,37.5,0.0,pre_monsoon,0
1427,2026-05-27,Ballia,35.7,0.0,pre_monsoon,0
1428,2026-05-28,Ballia,37.4,0.0,pre_monsoon,0
1429,2026-05-29,Ballia,35.3,0.0,pre_monsoon,0
1430,2026-05-30,Ballia,38.8,0.0,pre_monsoon,0
1431,2026-05-31,Ballia,38.3,0.0,pre_monsoon,0
1432,2026-06-01,Ballia,25.5,24.88,monsoon,0
1433,2026-06-02,Ballia,30.8,8.16,monsoon,0
1434,2026-06-03,Ballia,30.0,6.02,monsoon,0
1435,2026-06-04,Ballia,34.5,6.57,monsoon,0
1436,2026-06-05,Ballia,31.5,15.02,monsoon,0
1437,2026-06-06,Ballia,34.8,11.24,monsoon,0
1438,2026-06-07,Ballia,30.4,37.23,monsoon,0
1439,2026-06-08,Ballia,32.4,20.66,monsoon,0
1440,2026-06-09,Ballia,30.2,13.92,monsoon,0
1441,2026-06-10,Ballia,29.5,1.46,monsoon,0
1442,2026-06-11,Ballia,25.4,5.53,monsoon,0
1443,2026-06-12,Ballia,36.6,1.55,monsoon,0
1444,2026-06-13,Ballia,30.5,0.88,monsoon,0
1445,2026-06-14,Ballia,33.5,1.0,monsoon,0
1446,2026-06-15,Ballia,31.5,13.25,monsoon,0
1447,2026-06-16,Ballia,35.5,13.62,monsoon,0
1448,2026-06-17,Ballia,26.8,0.12,monsoon,0
1449,2026-06-18,Ballia,32.6,12.13,monsoon,0
1450,2026-06-19,Ballia,34.3,24.83,monsoon,0
1451,2026-06-20,Ballia,32.2,15.45,monsoon,0
1452,2026-06-21,Ballia,29.8,1.84,monsoon,0
1453,2026-06-22,Ballia,26.9,0.14,monsoon,0
1454,2026-06-23,Ballia,30.1,7.99,monsoon,0
1455,2026-06-24,Ballia,26.1,10.33,monsoon,0
1456,2026-06-25,Ballia,34.2,15.68,monsoon,0
1457,2026-06-26,Ballia,33.4,12.68,monsoon,0
1458,2026-06-27,Ballia,34.5,6.74,monsoon,0
1459,2026-06-28,Ballia,29.2,13.41,monsoon,0
1460,2026-06-29,Ballia,28.7,18.67,monsoon,0
1461,2026-06-30,Ballia,33.6,7.1,monsoon,0
